p_lp,k_lp,d_lp,rMAE,vs_lwr_pct
2,5,1,0.37886158476923865,0.7550472825017529
2,10,1,0.37646792765508486,0.11847433499230231
2,15,1,0.3795019363553423,0.9253433930841881
2,20,1,0.3786586404159981,0.7010759411768763
2,30,1,0.3830839109495184,1.8779393650953269
2,50,1,0.3836490962952826,2.0282456471918175
3,5,1,0.38056714632254796,1.2086270114984643
3,10,1,0.3753561014327883,-0.17720648381028825
3,15,1,0.3802437387804738,1.1226194997761008
3,20,1,0.3819907127442978,1.5872125105285573
3,30,1,0.38575803092724914,2.58909904880793
3,50,1,0.38341704039693675,1.9665323356554687
3,5,2,0.38119333470439404,1.3751565372066121
3,10,2,0.38390171939457723,2.095428632581031
3,15,2,0.3836426073838682,2.0265199758578767
3,20,2,0.3839371470060954,2.104850307454176
3,30,2,0.3807064137539591,1.2456640118195583
3,50,2,0.385996377347077,2.652485271546756
4,5,1,0.38422295358009206,2.1808581584328524
4,10,1,0.37953125644619834,0.9331408242814643
4,15,1,0.3830274800842149,1.862932051790378
4,20,1,0.38351639726326503,1.9929554573632213
4,30,1,0.38450891491838074,2.2569071676713737
4,50,1,0.3831678846250421,1.900271456782665
4,5,2,0.3849181667181449,2.365744236652123
4,10,2,0.3868883333987139,2.889693470449606
4,15,2,0.3892359002989652,3.5140091137939367
4,20,2,0.392021117691812,4.254714219272637
4,30,2,0.3865388348389787,2.7967472723473774
4,50,2,0.387658801127891,3.0945928733018713
4,5,3,0.38294629905954247,1.8413426420741619
4,10,3,0.38005311501488664,1.0719247149601596
4,15,3,0.37993136180731163,1.0395454749443367
4,20,3,0.3821614677131075,1.6326233561982706
4,30,3,0.3855819581420993,2.5422739746750134
4,50,3,0.38275453235856743,1.7903439032188828
