step,confirm_date,direction,actual,predicted,error,pool_size
50,2013-03-11 10:00:00,-1,107.48,108.61699560169764,1.1369956016976346,31
51,2013-03-18 10:00:00,1,98.85999999999999,100.62077431999192,1.7607743199919383,32
52,2013-03-21 11:00:00,-1,103.52000000000002,104.45234372464557,0.9323437246455484,32
53,2013-03-22 14:20:00,1,95.35000000000001,94.36111015067588,-0.9888898493241243,33
54,2013-03-29 10:00:00,-1,103.74000000000004,100.36130146705335,-3.378698532946686,33
55,2013-04-12 10:00:00,1,93.69999999999996,98.20529287770337,4.505292877703411,34
56,2013-04-19 10:00:00,-1,98.04999999999997,100.88343433606056,2.8334343360605914,34
57,2013-04-23 10:20:00,1,94.0,88.12102725135216,-5.87897274864784,35
58,2013-04-24 13:40:00,-1,99.4,99.47242829546866,0.07242829546865437,35
59,2013-04-26 10:30:00,1,94.59999999999995,91.94349518897074,-2.656504811029208,36
60,2013-04-30 16:10:00,-1,111.43999999999998,98.70098971482577,-12.739010285174217,36
61,2013-05-23 10:20:00,1,96.88000000000004,105.95556108962185,9.075561089621814,38
62,2013-06-04 11:30:00,-1,101.49999999999997,105.64284117049773,4.142841170497761,38
63,2013-06-05 10:10:00,1,96.3,93.85401894521407,-2.445981054785932,39
64,2013-06-10 10:40:00,-1,100.63000000000002,101.15902725450523,0.529027254505209,39
65,2013-06-11 11:20:00,1,90.36999999999998,95.12339045043761,4.753390450437635,40
66,2013-06-14 16:50:00,-1,96.89999999999999,96.51700845902997,-0.38299154097002486,40
67,2013-06-20 10:00:00,1,88.53999999999999,91.96299651142475,3.4229965114247562,41
68,2013-06-26 17:30:00,-1,95.77000000000002,96.44302473486309,0.6730247348630627,41
69,2013-07-08 14:00:00,1,90.75000000000003,89.05973983381209,-1.6902601661879402,42
70,2013-07-11 16:50:00,-1,101.49999999999997,98.95071380861452,-2.5492861913854483,42
71,2013-07-23 18:00:00,1,93.66000000000003,97.65999999999997,3.999999999999943,44
72,2013-08-02 10:00:00,-1,97.88999999999999,99.54192680710612,1.6519268071061362,44
73,2013-08-08 11:30:00,1,93.31999999999998,89.71402097462355,-3.6059790253764277,45
74,2013-08-13 11:10:00,-1,98.24999999999997,104.09510979883932,5.845109798839346,45
75,2013-08-16 16:00:00,1,87.75000000000003,91.2850447531588,3.535044753158772,46
76,2013-09-05 11:20:00,-1,103.62999999999998,96.98900967743297,-6.640990322567006,46
77,2013-09-27 14:40:00,1,97.10000000000001,98.41233646401149,1.31233646401148,47
78,2013-10-08 14:40:00,-1,105.95000000000002,102.15953733519153,-3.790462664808487,47
79,2013-10-31 11:30:00,1,101.11000000000004,101.24975298929951,0.1397529892994669,48
80,2013-11-18 17:50:00,-1,106.80000000000001,115.82768592532545,9.027685925325443,48
81,2013-11-28 15:10:00,1,97.88000000000004,98.70795718045235,0.8279571804523158,49
82,2013-12-19 10:00:00,-1,102.83000000000004,104.78550707644771,1.9555070764476739,49
83,2014-01-06 18:30:00,1,97.52000000000004,96.10809258942993,-1.4119074105701088,50
84,2014-01-16 12:40:00,-1,102.92000000000002,103.63121164879145,0.7112116487914335,50
85,2014-01-27 10:00:00,1,93.25000000000001,91.98546995886271,-1.2645300411373057,51
86,2014-02-07 10:00:00,-1,98.08000000000001,99.04765837234272,0.9676583723427115,51
87,2014-02-20 10:00:00,1,82.01999999999997,93.25625979043272,11.236259790432754,52
88,2014-03-03 10:10:00,-1,86.83999999999997,88.5754967734175,1.7354967734175233,52
89,2014-03-03 10:30:00,1,79.99999999999997,81.05672273581925,1.0567227358192781,53
90,2014-03-03 11:00:00,-1,84.13000000000002,86.73318547914558,2.6031854791455515,53
91,2014-03-03 11:50:00,1,76.12000000000002,77.17086214181244,1.0508621418124164,54
92,2014-03-03 13:00:00,-1,79.67999999999998,79.92705096371016,0.24705096371017987,54
93,2014-03-03 15:40:00,1,74.95999999999998,73.76127260151056,-1.1987273984894244,55
94,2014-03-04 10:00:00,-1,83.90000000000003,82.17113629528313,-1.7288637047169004,55
95,2014-03-05 11:20:00,1,80.11999999999998,80.65433037866218,0.5343303786622045,56
96,2014-03-06 11:50:00,-1,83.81000000000003,86.61365869866343,2.803658698663398,56
97,2014-03-06 14:20:00,1,76.56,78.53682797329868,1.9768279732986827,57
98,2014-03-06 18:00:00,-1,81.45999999999997,83.06989421167289,1.6098942116729233,57
99,2014-03-11 13:10:00,1,65.33,76.27012651569733,10.94012651569733,58
100,2014-03-14 13:50:00,-1,79.59999999999998,70.08876776023567,-9.511232239764311,58
101,2014-03-18 12:10:00,1,75.63999999999999,75.38735805820862,-0.25264194179136723,59
102,2014-03-18 15:30:00,-1,82.60000000000002,80.3224115112843,-2.277588488715722,59
103,2014-03-20 10:00:00,1,76.1,78.3501043703148,2.2501043703148014,61
104,2014-03-24 10:00:00,-1,84.33999999999999,80.31466415659101,-4.025335843408982,61
105,2014-03-27 11:00:00,1,79.19999999999999,80.32905159902117,1.1290515990211816,63
106,2014-03-31 11:20:00,-1,84.68,89.0341990581552,4.354199058155189,63
107,2014-04-03 18:30:00,1,73.61999999999999,75.42897522307102,1.8089752230710303,64
108,2014-04-17 10:40:00,-1,79.40000000000002,77.13078034682074,-2.2692196531792774,64
109,2014-04-22 15:20:00,1,67.89999999999999,74.46199273112343,6.561992731123439,65
110,2014-04-28 13:00:00,-1,74.65999999999998,73.01451369048172,-1.6454863095182617,65
111,2014-04-30 14:00:00,1,70.88999999999997,71.35880610226353,0.46880610226355657,67
112,2014-05-06 15:50:00,-1,82.29999999999998,75.08803814534906,-7.211961854650923,67
113,2014-05-16 10:20:00,1,78.52999999999997,78.12416998964609,-0.4058300103538812,68
114,2014-05-20 10:00:00,-1,87.61999999999999,84.85190658739124,-2.7680934126087493,68
115,2014-05-27 14:50:00,1,83.73,84.06251944469902,0.33251944469901673,69
116,2014-06-02 16:50:00,-1,89.59999999999997,90.13471579883716,0.5347157988371976,69
117,2014-06-16 10:00:00,1,83.11999999999998,79.69888335810293,-3.4211166418970436,70
118,2014-06-24 18:30:00,-1,86.59999999999998,87.2809989797528,0.6809989797528146,70
119,2014-06-30 15:00:00,1,83.03,80.76325997039962,-2.266740029600385,71
120,2014-07-03 15:30:00,-1,86.68999999999998,87.79970435097161,1.1097043509716258,71
121,2014-07-15 10:20:00,1,71.86,80.61840207244242,8.758402072442422,72
122,2014-07-30 10:50:00,-1,75.83000000000001,76.95620280578893,1.126202805788921,72
123,2014-08-01 10:00:00,1,66.10000000000002,68.02158275821158,1.9215827582115566,73
124,2014-08-07 17:00:00,-1,79.69000000000001,70.28261652968071,-9.407383470319303,73
125,2014-08-28 11:50:00,1,72.52000000000002,75.75130714221055,3.2313071422105253,74
126,2014-09-03 12:00:00,-1,81.30000000000003,77.3411258604165,-3.9588741395835285,74
127,2014-09-11 14:30:00,1,75.12999999999998,77.96050296244088,2.830502962440903,75
128,2014-09-17 15:50:00,-1,79.30000000000003,78.8872070789165,-0.41279292108352195,75
129,2014-09-22 11:50:00,1,75.89,71.06740862047337,-4.822591379526628,76
130,2014-09-24 11:30:00,-1,80.15,79.16950036168605,-0.9804996383139581,76
131,2014-09-26 15:20:00,1,72.57000000000002,75.54631932411317,2.976319324113149,77
132,2014-10-06 14:10:00,-1,76.59999999999997,76.14560973138705,-0.45439026861291154,77
133,2014-10-09 18:30:00,1,72.06,73.26259943081295,1.2025994308129526,78
134,2014-10-13 15:30:00,-1,75.35999999999999,80.65413553895416,5.29413553895418,78
135,2014-10-16 14:10:00,1,70.94999999999997,70.48193988282947,-0.4680601171705092,79
136,2014-10-20 10:20:00,-1,73.92999999999999,77.87780562654683,3.947805626546838,79
137,2014-10-23 11:00:00,1,70.85,70.88229472700056,0.03229472700056135,80
138,2014-10-27 10:30:00,-1,78.69999999999997,74.50820807220822,-4.191791927791755,80
139,2014-11-13 11:20:00,1,71.42000000000003,74.909924678685,3.4899246786849716,81
140,2014-12-02 10:00:00,-1,74.46999999999997,76.0047483714389,1.5347483714389227,81
141,2014-12-02 18:20:00,1,62.60999999999998,69.4292588498619,6.819258849861917,82
142,2014-12-09 11:20:00,-1,68.70000000000003,66.29551379945512,-2.404486200544909,83
143,2014-12-11 13:40:00,1,63.07000000000002,64.64985770558265,1.5798577055826257,84
144,2014-12-12 11:30:00,-1,66.19999999999999,66.71243219606941,0.512432196069426,84
145,2014-12-15 14:20:00,1,59.92000000000003,61.866037109431886,1.946037109431856,85
146,2014-12-15 17:40:00,-1,62.570000000000014,63.008969392761045,0.438969392761031,85
147,2014-12-15 18:30:00,1,58.149999999999984,58.317916073844536,0.16791607384455176,86
148,2014-12-16 10:10:00,-1,61.950000000000024,60.41927926494109,-1.5307207350589351,86
149,2014-12-16 10:20:00,1,58.34999999999997,59.629948137580094,1.2799481375801207,87
150,2014-12-16 10:30:00,-1,61.049999999999976,65.13825920063051,4.088259200630539,87
151,2014-12-16 11:10:00,1,51.97,56.73095526421429,4.760955264214289,88
152,2014-12-16 12:30:00,-1,56.35,53.99,-2.3599999999999994,89
153,2014-12-16 12:50:00,1,53.650000000000006,52.987081747305965,-0.6629182526940411,90
154,2014-12-16 13:00:00,-1,57.03999999999999,56.477793769842094,-0.5622062301578978,90
155,2014-12-16 13:10:00,1,54.11999999999999,49.912211887689175,-4.207788112310816,91
156,2014-12-16 13:30:00,-1,56.37000000000002,56.55436279951789,0.1843627995178707,91
157,2014-12-16 13:50:00,1,52.10000000000001,54.02980444799795,1.9298044479979382,92
158,2014-12-16 14:40:00,-1,54.819999999999986,54.98054139273897,0.1605413927389847,92
159,2014-12-16 15:10:00,1,47.21,50.423373485360955,3.213373485360954,93
160,2014-12-16 16:10:00,-1,55.430000000000014,50.919310251648376,-4.510689748351638,93
161,2014-12-17 10:10:00,1,52.56999999999999,52.20314409068708,-0.36685590931291046,95
162,2014-12-17 11:00:00,-1,56.599999999999994,55.48058862850798,-1.1194113714920135,95
163,2014-12-17 11:40:00,1,53.32999999999999,53.50216822438716,0.17216822438717116,96
164,2014-12-17 13:00:00,-1,56.00000000000002,58.648987269973254,2.648987269973233,96
165,2014-12-17 16:00:00,1,53.199999999999996,52.55985786751666,-0.6401421324833336,97
166,2014-12-17 17:00:00,-1,65.8,58.301128074212485,-7.498871925787512,97
167,2014-12-18 12:40:00,1,62.799999999999976,61.79037613110046,-1.0096238688995172,98
168,2014-12-18 14:10:00,-1,65.46999999999997,67.08407113513393,1.6140711351339547,98
169,2014-12-18 15:30:00,1,62.16999999999998,62.66205310632197,0.49205310632198973,99
170,2014-12-18 16:10:00,-1,65.10000000000002,72.23947711980927,7.139477119809243,99
171,2014-12-19 10:00:00,1,59.50000000000001,59.9621812210201,0.46218122102009573,100
172,2014-12-22 10:00:00,-1,64.19999999999999,64.09702176874735,-0.10297823125263506,100
173,2014-12-22 12:30:00,1,56.78,55.503045114470225,-1.2769548855297757,101
174,2014-12-23 10:30:00,-1,59.300000000000004,64.84907722624881,5.549077226248805,101
175,2014-12-23 12:20:00,1,51.509999999999984,54.622357937083876,3.1123579370838925,102
176,2014-12-24 10:50:00,-1,55.45,54.862153149719845,-0.5878468502801582,102
177,2014-12-24 12:20:00,1,53.15,50.56583239881743,-2.584167601182571,103
178,2014-12-24 16:10:00,-1,59.999999999999986,57.04531008381752,-2.954689916182467,103
179,2014-12-26 11:30:00,1,56.04999999999998,57.228288570801496,1.178288570801513,104
180,2014-12-26 15:00:00,-1,59.22999999999998,59.67110491350076,0.44110491350078007,104
181,2014-12-29 10:00:00,1,51.60000000000001,55.5819259078883,3.9819259078882894,105
182,2014-12-30 11:20:00,-1,67.77000000000001,61.10231869632544,-6.66768130367457,105
183,2015-01-09 10:00:00,1,59.25000000000001,63.83277383110767,4.582773831107666,107
184,2015-01-15 11:00:00,-1,63.67,66.01310603142977,2.3431060314297696,107
185,2015-01-20 10:40:00,1,60.27000000000002,58.815095641377084,-1.454904358622933,109
186,2015-01-21 16:50:00,-1,66.72,64.12722288974747,-2.592777110252527,109
187,2015-01-23 18:10:00,1,57.19999999999998,63.29333094970363,6.093330949703649,110
188,2015-01-27 10:20:00,-1,62.58000000000001,61.07311913877608,-1.5068808612239337,110
189,2015-01-29 10:30:00,1,59.6,54.74762222406887,-4.8523777759311315,111
190,2015-02-02 10:00:00,-1,62.570000000000014,62.00000000000001,-0.5700000000000074,112
191,2015-02-02 13:00:00,1,60.029999999999994,58.156979708567334,-1.8730202914326597,113
192,2015-02-03 11:40:00,-1,62.84999999999998,63.092165443345834,0.24216544334585421,113
193,2015-02-05 10:00:00,1,59.899999999999984,58.00894177658104,-1.8910582234189448,114
194,2015-02-05 14:00:00,-1,67.39999999999998,64.02110005775121,-3.378899942248765,114
195,2015-02-09 16:10:00,1,64.46999999999998,63.7425131961724,-0.7274868038275812,115
196,2015-02-12 12:20:00,-1,76.84,66.94000000000003,-9.899999999999977,116
197,2015-02-19 11:30:00,1,71.75999999999998,71.90967852564893,0.14967852564895168,117
198,2015-02-26 10:00:00,-1,77.44999999999997,75.98824960181128,-1.4617503981886983,117
199,2015-03-04 16:10:00,1,68.77999999999999,68.98829332994018,0.20829332994019012,118
200,2015-03-12 10:00:00,-1,71.59000000000002,78.7679604580472,7.177960458047181,118
201,2015-03-13 14:50:00,1,63.859999999999985,67.92461911318634,4.064619113186353,119
202,2015-03-19 10:00:00,-1,67.55,73.04199503952971,5.491995039529712,119
203,2015-03-23 18:00:00,1,63.74,65.01399728517333,1.2739972851733299,121
204,2015-03-24 13:00:00,-1,66.36000000000001,67.09956895621528,0.7395689562152654,121
205,2015-03-26 12:20:00,1,60.570000000000014,60.49503288867666,-0.07496711132335321,122
206,2015-03-30 18:30:00,-1,77.51000000000002,66.25360118128103,-11.256398818718992,122
207,2015-04-17 13:00:00,1,71.22000000000001,69.558224604052,-1.6617753959480126,123
208,2015-04-21 10:10:00,-1,75.67000000000003,74.93351310230238,-0.7364868976976453,123
209,2015-04-22 17:10:00,1,72.11000000000003,70.19869261822397,-1.911307381776055,124
210,2015-04-23 16:00:00,-1,77.69999999999997,78.8958791787938,1.195879178793831,124
211,2015-04-27 13:00:00,1,73.90000000000002,72.07599420389447,-1.8240057961055527,125
212,2015-04-30 15:40:00,-1,80.98,80.37513388916192,-0.6048661108380884,125
213,2015-05-07 10:50:00,1,71.15000000000003,73.91796436084967,2.767964360849632,126
214,2015-05-22 11:30:00,-1,76.12999999999997,77.19403390261941,1.0640339026194425,126
215,2015-06-01 11:40:00,1,68.41,70.61362241783856,2.2036224178385595,128
216,2015-06-10 10:30:00,-1,74.40999999999997,73.07075080313746,-1.3392491968625109,128
217,2015-06-24 13:00:00,1,69.03,69.23417777119226,0.20417777119226344,129
218,2015-06-30 13:00:00,-1,72.97,71.92009143407121,-1.0499085659287886,129
219,2015-07-03 12:10:00,1,66.49999999999999,70.10113148419696,3.6011314841969693,130
220,2015-07-09 16:20:00,-1,75.97000000000001,73.00282542464473,-2.967174575355287,130
221,2015-07-23 17:30:00,1,67.35000000000002,72.2943694602516,4.944369460251579,131
222,2015-07-28 11:50:00,-1,75.67000000000003,74.34443662049519,-1.3255633795048425,131
223,2015-08-12 10:00:00,1,66.75,71.72231276493434,4.972312764934344,133
224,2015-08-25 10:40:00,-1,77.98,71.17456376293525,-6.805436237064754,133
225,2015-09-22 11:50:00,1,72.67,73.6923906946171,1.0223906946171013,135
226,2015-09-28 11:20:00,-1,76.75999999999998,77.0773984927143,0.3173984927143181,135
227,2015-10-02 14:40:00,1,72.95000000000002,70.36817623248143,-2.5818237675185856,136
228,2015-10-05 16:40:00,-1,90.07,79.52560451713182,-10.544395482868168,136
229,2015-10-19 15:00:00,1,85.92000000000002,85.96079778065702,0.04079778065700168,137
230,2015-10-23 14:10:00,-1,92.69999999999996,89.34000000000003,-3.3599999999999284,138
231,2015-10-27 17:00:00,1,87.33,82.03958881351771,-5.290411186482288,139
232,2015-10-29 10:40:00,-1,96.60000000000004,98.43219831853229,1.8321983185322495,139
233,2015-11-09 18:00:00,1,92.01999999999997,88.26183812756638,-3.7581618724335897,140
234,2015-11-16 18:10:00,-1,108.54999999999995,100.39024027459956,-8.159759725400392,140
235,2015-11-20 10:00:00,1,103.18999999999997,101.70968514351178,-1.4803148564881923,141
236,2015-11-23 10:50:00,-1,110.7,109.75801453031164,-0.9419854696883618,141
237,2015-11-24 14:00:00,1,100.6,102.58539074919585,1.985390749195858,142
238,2015-12-03 16:20:00,-1,105.67,109.12218617584948,3.4521861758494765,143
239,2015-12-08 10:50:00,1,96.94999999999999,100.09001636397676,3.1400163639767698,144
240,2015-12-09 18:30:00,-1,101.75000000000003,101.97828903186412,0.22828903186409377,144
241,2015-12-11 18:00:00,1,96.22999999999998,92.28778594013237,-3.9422140598676094,145
242,2015-12-15 12:20:00,-1,105.17999999999999,113.34524246935845,8.16524246935846,145
243,2015-12-18 11:40:00,1,97.65000000000005,97.84673354450452,0.19673354450446823,146
244,2015-12-23 12:00:00,-1,103.88999999999999,102.74118189839919,-1.1488181016007957,146
245,2015-12-28 11:00:00,1,88.52,83.34945398472374,-5.170546015276258,147
246,2016-01-12 12:20:00,-1,93.88,92.05998978345919,-1.8200102165408083,147
247,2016-01-15 13:20:00,1,85.10000000000001,87.77967900936856,2.679679009368556,148
248,2016-01-19 10:00:00,-1,89.69999999999997,89.37517865607347,-0.3248213439265015,148
249,2016-01-19 18:00:00,1,82.20000000000003,85.54665974464373,3.346659744643702,149
250,2016-01-21 12:30:00,-1,93.35000000000004,86.35702743922795,-6.992972560772088,149
251,2016-01-26 09:50:00,1,88.74000000000001,87.63693295969588,-1.1030670403041256,150
252,2016-01-27 11:00:00,-1,98.7,95.19594972218505,-3.5040502778149545,150
253,2016-02-02 12:20:00,1,93.70999999999998,90.73283946362442,-2.977160536375564,151
254,2016-02-04 09:50:00,-1,98.56000000000004,106.64962560448885,8.089625604488802,151
255,2016-02-08 17:50:00,1,92.69999999999996,87.90369005149427,-4.796309948505694,152
256,2016-02-10 18:30:00,-1,114.19000000000003,99.96874104875403,-14.221258951246,152
257,2016-03-23 16:00:00,1,105.34999999999995,108.93381331344403,3.5838133134440824,155
258,2016-03-30 16:40:00,-1,110.59000000000002,111.37331479640433,0.7833147964043121,155
259,2016-04-05 13:10:00,1,105.99999999999997,101.66524694366504,-4.334753056334932,156
260,2016-04-08 12:20:00,-1,125.55000000000001,119.63907173404024,-5.910928265959768,156
261,2016-04-21 13:50:00,1,116.75,120.61610024994756,3.8661002499475643,157
262,2016-04-27 10:10:00,-1,125.78000000000004,121.23586520422941,-4.544134795770631,157
263,2016-05-04 11:10:00,1,118.40999999999995,118.09065481820328,-0.3193451817966775,158
264,2016-05-11 17:30:00,-1,135.97999999999993,123.39946604788436,-12.580533952115573,158
265,2016-06-02 16:00:00,1,130.51000000000002,128.92913301068162,-1.5808669893183946,160
266,2016-06-07 10:00:00,-1,142.00000000000003,137.72630206305965,-4.27369793694038,160
267,2016-06-10 10:20:00,1,125.84999999999997,128.26578465562858,2.415784655628613,161
268,2016-06-20 09:50:00,-1,138.27999999999997,136.32104807328832,-1.9589519267116486,161
269,2016-06-24 09:50:00,1,129.12000000000003,132.42636716182932,3.306367161829286,162
270,2016-06-27 10:00:00,-1,134.83,138.941988250472,4.111988250471995,162
271,2016-06-27 15:50:00,1,125.35000000000004,125.30550500679993,-0.04449499320010375,163
272,2016-06-29 09:50:00,-1,135.84000000000003,133.00749147537576,-2.8325085246242736,163
273,2016-07-06 10:50:00,1,127.85000000000004,129.23044787430194,1.3804478743019075,164
274,2016-07-07 15:50:00,-1,141.35000000000002,135.45638747634032,-5.893612523659698,164
275,2016-07-25 14:20:00,1,133.32999999999998,134.4041417918198,1.0741417918198124,165
276,2016-07-29 16:00:00,-1,141.20999999999998,138.59198695893582,-2.6180130410641596,165
277,2016-08-02 17:00:00,1,134.27,130.49772816172393,-3.772271838276083,166
278,2016-08-08 10:30:00,-1,141.39000000000004,147.48528639182388,6.095286391823834,166
279,2016-08-19 10:30:00,1,134.6,126.5376472461816,-8.062352753818388,167
280,2016-08-23 17:50:00,-1,156.25000000000006,140.01227666306565,-16.23772333693441,167
281,2016-09-12 09:50:00,1,146.99999999999997,149.09249696233297,2.0924969623330014,168
282,2016-09-22 15:10:00,-1,154.50000000000006,161.24163824744286,6.741638247442808,168
283,2016-09-27 10:10:00,1,144.6,141.16293897850198,-3.4370610214980104,169
284,2016-10-10 16:00:00,-1,152.44000000000003,155.3238518824969,2.8838518824968844,169
285,2016-10-13 16:10:00,1,145.54,143.27616792544723,-2.2638320745527665,170
286,2016-10-25 13:20:00,-1,152.23,153.74254220512714,1.512542205127147,170
287,2016-11-01 17:00:00,1,141.59999999999997,139.73982444458943,-1.8601755554105353,171
288,2016-11-09 11:50:00,-1,155.57000000000005,150.07036436513903,-5.499635634861022,171
289,2016-11-14 14:10:00,1,148.75000000000003,145.89023025685376,-2.8597697431462734,172
290,2016-11-22 12:00:00,-1,178.93000000000006,156.315315241841,-22.614684758159058,172
291,2016-12-15 09:50:00,1,171.34999999999997,166.19264951484624,-5.157350485153728,174
292,2016-12-21 10:10:00,-1,185.34000000000003,177.88876068145737,-7.451239318542662,174
293,2016-12-21 13:20:00,1,167.55000000000004,175.62498694789608,8.074986947896036,175
294,2017-01-03 10:00:00,-1,181.67999999999998,175.57670181289583,-6.103298187104144,175
295,2017-01-04 13:40:00,1,163.34000000000006,172.44140096075557,9.101400960755512,176
296,2017-01-24 15:30:00,-1,178.91999999999993,175.65368218358378,-3.266317816416148,176
297,2017-02-01 11:40:00,1,159.99999999999994,157.76994500412593,-2.2300549958740135,177
298,2017-02-17 10:00:00,-1,168.38,179.98050678539428,11.600506785394288,177
299,2017-02-27 16:20:00,1,155.64999999999998,149.96708972257989,-5.682910277420092,178
300,2017-03-02 10:10:00,-1,165.99,163.86064459286362,-2.129355407136387,178
301,2017-03-07 13:50:00,1,155.22999999999993,151.6240614887856,-3.605938511214333,179
302,2017-03-17 12:40:00,-1,168.44999999999996,164.6823793136423,-3.7676206863576738,179
303,2017-04-07 14:50:00,1,147.62,158.14146229658476,10.521462296584758,181
304,2017-04-17 18:20:00,-1,172.39,159.05699070037042,-13.333009299629566,181
305,2017-05-18 13:40:00,1,151.61999999999995,162.97374363214104,11.35374363214109,182
306,2017-06-05 10:30:00,-1,158.88999999999993,162.4509819439774,3.560981943977481,182
307,2017-06-06 16:30:00,1,136.19999999999993,150.4892729169714,14.28927291697147,183
308,2017-06-16 13:10:00,-1,175.87999999999994,149.0104191737283,-26.86958082627163,184
309,2017-08-11 11:20:00,1,168.13,160.3422624994868,-7.787737500513202,187
310,2017-08-23 18:30:00,-1,192.31000000000006,179.62263448029304,-12.687365519707015,188
311,2017-09-19 16:40:00,1,182.64999999999995,174.62307897377298,-8.026921026226972,189
312,2017-09-25 14:30:00,-1,198.51999999999998,196.45227595609035,-2.067724043909635,189
313,2017-10-24 10:40:00,1,190.13,185.57142174779545,-4.558578252204541,190
314,2017-11-07 11:10:00,-1,229.40000000000006,202.9348013128343,-26.465198687165753,190
315,2017-11-10 12:30:00,1,215.77999999999994,215.0449190678611,-0.7350809321388567,191
316,2017-11-15 10:10:00,-1,228.57999999999993,223.99,-4.589999999999918,192
317,2017-11-16 12:20:00,1,219.09000000000003,216.0738028404222,-3.0161971595778425,193
318,2017-11-21 12:10:00,-1,233.95000000000007,258.094024911424,24.14402491142394,193
319,2017-11-24 10:00:00,1,220.99999999999991,205.63848784069222,-15.361512159307694,194
320,2017-11-29 09:50:00,-1,231.49999999999997,240.4658446984266,8.965844698426622,194
321,2017-11-30 18:30:00,1,219.22999999999993,218.56841191979754,-0.6615880802023923,195
322,2017-12-12 09:50:00,-1,230.5,242.50748693598058,12.00748693598058,195
323,2017-12-13 13:40:00,1,220.53999999999994,207.09710024168137,-13.44289975831856,196
324,2017-12-14 18:40:00,-1,270.29999999999995,230.5085553930371,-39.79144460696284,196
325,2018-02-02 13:50:00,1,248.1,256.32940248874587,8.229402488745876,198
326,2018-02-06 17:20:00,-1,264.3700000000001,260.44574967505577,-3.924250324944353,198
327,2018-02-08 17:40:00,1,244.12999999999997,254.64148602157863,10.511486021578662,199
328,2018-02-12 10:00:00,-1,285.00000000000006,257.57493920303324,-27.425060796966818,199
329,2018-02-28 12:30:00,1,268.56,250.6633593937649,-17.89664060623511,200
330,2018-03-06 10:00:00,-1,281.50000000000006,285.8948725560595,4.394872556059454,200
331,2018-03-07 12:40:00,1,249.76000000000005,265.3956011264576,15.635601126457573,201
332,2018-03-21 10:20:00,-1,271.8000000000001,259.81000000000006,-11.990000000000066,202
333,2018-03-23 09:50:00,1,245.3799999999999,244.19775512485782,-1.1822448751420893,203
334,2018-04-04 18:20:00,-1,262.89000000000004,257.95967072033284,-4.930329279667205,203
335,2018-04-09 10:00:00,1,220.32000000000008,245.07319958947255,24.753199589472473,204
336,2018-04-09 13:30:00,-1,229.89999999999995,233.56608547512602,3.666085475126067,204
337,2018-04-09 14:40:00,1,205.00000000000006,212.02367861664084,7.02367861664078,205
338,2018-04-09 15:50:00,-1,219.00000000000003,215.69610241174286,-3.303897588257172,205
339,2018-04-10 10:10:00,1,197.0,198.64196343601253,1.6419634360125315,206
340,2018-04-10 11:20:00,-1,207.52999999999992,213.80716746808116,6.277167468081245,206
341,2018-04-10 12:10:00,1,199.01000000000002,193.3031579171426,-5.706842082857406,207
342,2018-04-10 14:00:00,-1,224.47000000000008,213.3849056713453,-11.085094328654776,207
343,2018-04-10 17:20:00,1,209.99999999999994,213.7790071664967,3.7790071664967684,208
344,2018-04-11 10:10:00,-1,223.6,223.17995826977895,-0.42004173022104396,208
345,2018-04-11 14:00:00,1,205.23999999999992,201.74009215238772,-3.4999078476122065,209
346,2018-04-11 14:20:00,-1,214.39999999999998,218.69629900424567,4.2962990042456966,209
347,2018-04-11 17:40:00,1,204.2400000000001,194.46110897020338,-9.77889102979671,210
348,2018-04-12 09:50:00,-1,218.39000000000001,231.58540759599305,13.195407595993032,210
349,2018-04-13 15:00:00,1,196.49999999999997,189.9858574483939,-6.514142551606085,211
350,2018-04-16 10:10:00,-1,207.99999999999997,207.9340842612696,-0.06591573873038215,211
351,2018-04-16 14:20:00,1,191.49999999999991,198.21740174115584,6.717401741155925,212
352,2018-04-17 09:50:00,-1,222.22,203.1187064119655,-19.10129358803451,212
353,2018-04-19 16:40:00,1,211.99999999999997,210.37249276605692,-1.6275072339430494,213
354,2018-04-23 15:20:00,-1,228.42999999999995,232.15991208633565,3.729912086335702,213
355,2018-04-25 10:00:00,1,216.00000000000006,217.2552432394726,1.2552432394725486,214
356,2018-04-28 18:30:00,-1,237.95,238.7524766855297,0.8024766855297116,214
357,2018-05-16 10:10:00,1,208.33000000000007,226.20301291256217,17.873012912562103,216
358,2018-06-14 11:30:00,-1,217.48999999999992,233.79854319334038,16.308543193340455,216
359,2018-06-15 17:10:00,1,202.10999999999996,199.80565023535823,-2.304349764641728,217
360,2018-06-20 10:50:00,-1,214.99999999999991,215.36176819879506,0.3617681987951471,217
361,2018-06-25 09:50:00,1,198.55000000000007,180.17944057200293,-18.370559427997136,218
362,2018-06-27 15:50:00,-1,232.25000000000009,231.78926061205763,-0.4607393879424535,218
363,2018-07-17 10:50:00,1,201.09999999999997,211.7498568092013,10.649856809201339,219
364,2018-07-23 10:40:00,-1,216.51000000000008,217.80432840513873,1.294328405138657,220
365,2018-07-27 10:30:00,1,205.57999999999998,204.05317382900523,-1.5268261709947524,221
366,2018-07-31 13:50:00,-1,215.2,238.31332871914773,23.113328719147745,221
367,2018-08-02 17:10:00,1,199.5699999999999,202.45880113293146,2.8888011329315475,222
368,2018-08-07 10:40:00,-1,207.94999999999996,209.54684963105345,1.5968496310534874,222
369,2018-08-08 10:00:00,1,182.05999999999997,199.28659254752688,17.226592547526906,223
370,2018-08-09 12:10:00,-1,196.84999999999994,190.06494215907438,-6.78505784092556,223
371,2018-08-10 16:00:00,1,180.15,185.26657129771348,5.116571297713477,224
372,2018-08-13 10:20:00,-1,195.98000000000002,195.96683997864662,-0.013160021353399998,224
373,2018-08-14 14:40:00,1,172.80000000000007,177.66228407500046,4.862284075000389,225
374,2018-08-24 18:20:00,-1,185.56999999999994,194.11493836428446,8.54493836428452,226
375,2018-08-30 16:30:00,1,175.60999999999996,171.22778863974972,-4.382211360250238,227
376,2018-09-03 11:10:00,-1,182.87000000000003,199.0587390129655,16.18873901296547,227
377,2018-09-06 18:10:00,1,165.90000000000003,168.26093452781348,2.3609345278134413,228
378,2018-09-12 11:20:00,-1,197.72999999999996,173.39639897872513,-24.33360102127483,228
379,2018-09-21 10:00:00,1,188.83,184.80503781538948,-4.02496218461053,229
380,2018-09-24 10:10:00,-1,205.98000000000002,197.52662566254537,-8.453374337454648,229
381,2018-10-03 16:50:00,1,182.50999999999996,196.16560742402038,13.655607424020417,231
382,2018-10-08 17:50:00,-1,196.04000000000005,198.592262444315,2.552262444314948,231
383,2018-10-11 09:50:00,1,182.29999999999995,180.69739553846443,-1.6026044615355204,232
384,2018-10-12 10:50:00,-1,198.80000000000004,196.39941310906102,-2.4005868909390244,232
385,2018-10-18 15:00:00,1,177.01999999999995,186.6843727768556,9.664372776855657,233
386,2018-10-24 14:40:00,-1,189.25000000000009,189.96062458797678,0.7106245879766959,233
387,2018-10-26 11:40:00,1,178.26999999999995,167.13421492247213,-11.135785077527828,234
388,2018-10-29 13:20:00,-1,204.6999999999999,196.28016577091933,-8.419834229080578,234
389,2018-11-09 16:50:00,1,193.18000000000004,194.3033173939832,1.1233173939831715,235
390,2018-11-15 10:00:00,-1,203.50000000000009,201.3310227344958,-2.1689772655042816,236
391,2018-11-20 11:30:00,1,191.81,195.14544071326318,3.335440713263182,237
392,2018-11-22 13:40:00,-1,200.01000000000008,204.9667770131643,4.9567770131642135,237
393,2018-11-26 11:10:00,1,185.52999999999994,191.5005508351626,5.970550835162669,238
394,2018-11-28 11:00:00,-1,201.90000000000003,194.4462335928815,-7.453766407118536,238
395,2018-12-06 10:00:00,1,180.37000000000006,183.13482850291166,2.764828502911598,239
396,2018-12-19 14:20:00,-1,191.81999999999994,204.8514295175292,13.031429517529261,239
397,2018-12-24 12:00:00,1,179.03999999999996,172.46344589349192,-6.576554106508041,240
398,2018-12-27 09:50:00,-1,218.70000000000005,190.59277871168828,-28.107221288311763,240
399,2019-02-08 09:50:00,1,208.69999999999993,202.6519938647643,-6.0480061352356245,241
400,2019-02-12 13:30:00,-1,220.70000000000002,223.3322565670837,2.6322565670836866,241
401,2019-02-14 09:50:00,1,201.09999999999997,210.04561176214168,8.94561176214171,242
402,2019-03-20 14:40:00,-1,247.23,229.44417376207156,-17.785826237928433,243
403,2019-04-12 17:30:00,1,222.08000000000004,233.5142190333523,11.434219033352264,244
404,2019-05-03 11:10:00,-1,234.34000000000006,239.22441270833258,4.884412708332519,244
405,2019-05-13 16:10:00,1,224.1500000000001,205.3806387042023,-18.76936129579778,245
406,2019-05-22 10:00:00,-1,250.64999999999992,232.73769134337894,-17.91230865662098,245
407,2019-06-11 09:50:00,1,232.54999999999995,241.1094838458723,8.559483845872336,247
408,2019-06-14 10:10:00,-1,244.98999999999992,245.6128074970759,0.6228074970759678,247
409,2019-06-25 11:10:00,1,234.19999999999993,233.60531110146195,-0.5946888985379815,248
410,2019-07-01 17:00:00,-1,245.49999999999991,249.8980690445393,4.3980690445393975,248
411,2019-07-15 10:50:00,1,212.87999999999997,218.36476853964083,5.484768539640868,249
412,2019-08-23 17:10:00,-1,237.20000000000007,229.1474603185033,-8.052539681496768,251
413,2019-09-24 17:40:00,1,221.87000000000006,224.81150864010382,2.9415086401037627,252
414,2019-10-11 10:30:00,-1,242.77999999999992,246.1190445925111,3.3390445925111862,252
415,2019-11-01 10:50:00,1,232.8000000000001,226.99688664616335,-5.80311335383675,253
416,2019-11-07 13:50:00,-1,243.73999999999992,264.39605603020266,20.656056030202734,253
417,2019-11-27 17:20:00,1,229.03,232.28826626478445,3.258266264784453,254
418,2019-12-10 10:50:00,-1,270.8,245.0712694176134,-25.728730582386618,254
419,2020-01-27 10:00:00,1,248.73,254.79915274372038,6.0691527437203945,255
420,2020-02-11 15:50:00,-1,259.7699999999999,262.6585243567115,2.888524356711571,255
421,2020-02-18 10:00:00,1,230.99999999999994,225.64507082630686,-5.35492917369308,256
422,2020-03-02 11:10:00,-1,240.99999999999994,247.8065983626324,6.806598362632457,256
423,2020-03-02 14:50:00,1,218.86000000000007,219.3217365678271,0.46173656782701755,257
424,2020-03-02 15:10:00,-1,239.00000000000009,238.93235057778898,-0.06764942221110459,257
425,2020-03-06 09:50:00,1,184.85999999999996,223.61721642836363,38.75721642836368,258
426,2020-03-10 10:10:00,-1,204.98000000000002,204.32021459213814,-0.6597854078618752,258
427,2020-03-10 10:30:00,1,187.58000000000004,196.54206299251325,8.96206299251321,259
428,2020-03-10 12:20:00,-1,212.73999999999992,204.06288315151576,-8.677116848484161,259
429,2020-03-10 17:40:00,1,173.13999999999996,202.6313413720476,29.49134137204763,261
430,2020-03-13 10:00:00,-1,190.2,190.59225374026744,0.3922537402674493,262
431,2020-03-13 11:30:00,1,182.60000000000005,182.05962053306826,-0.5403794669317961,263
432,2020-03-13 14:10:00,-1,199.52,198.13434291007948,-1.385657089920528,263
433,2020-03-16 10:00:00,1,186.69000000000003,176.6347262482816,-10.055273751718431,264
434,2020-03-16 10:10:00,-1,196.6999999999999,199.915555633784,3.2155556337841062,264
435,2020-03-16 14:30:00,1,186.00000000000009,187.2328536918012,1.2328536918011253,265
436,2020-03-16 17:30:00,-1,204.78000000000003,200.41664076327334,-4.363359236726694,265
437,2020-03-17 11:20:00,1,172.15000000000006,196.24828544073668,24.098285440736618,266
438,2020-03-19 10:00:00,-1,181.99999999999997,182.36323652007414,0.3632365200741674,266
439,2020-03-19 10:10:00,1,173.06000000000006,172.16020237596527,-0.8997976240347896,267
440,2020-03-19 11:10:00,-1,190.14999999999992,182.2431362827222,-7.90686371727773,267
441,2020-03-19 14:30:00,1,180.15,177.59797284642036,-2.552027153579644,268
442,2020-03-19 17:10:00,-1,201.85999999999993,198.78833175027896,-3.0716682497209717,268
443,2020-03-20 15:30:00,1,182.10000000000002,194.00000000000003,11.900000000000006,270
444,2020-03-23 15:20:00,-1,190.9900000000001,193.71453218394896,2.7245321839488668,270
445,2020-03-23 18:40:00,1,183.36999999999998,180.79615708696593,-2.573842913034042,271
446,2020-03-24 09:50:00,-1,201.0,199.08461917281946,-1.9153808271805417,271
447,2020-03-25 13:40:00,1,182.32,180.7298255716507,-1.590174428349286,272
448,2020-03-26 17:10:00,-1,191.1999999999999,213.49262537545647,22.292625375456566,272
449,2020-03-27 14:50:00,1,174.89999999999998,182.79902345734826,7.899023457348278,273
450,2020-03-30 12:50:00,-1,189.89999999999995,191.47275819160038,1.5727581916004283,273
451,2020-04-02 16:50:00,1,181.99999999999997,177.3997317396991,-4.600268260300879,275
452,2020-04-06 16:40:00,-1,205.44,203.17527679524036,-2.2647232047596333,275
453,2020-04-13 11:00:00,1,183.52999999999997,191.96191216775472,8.431912167754746,276
454,2020-04-16 15:30:00,-1,192.69999999999996,195.18060285213406,2.4806028521340977,276
455,2020-04-21 10:00:00,1,183.64999999999998,182.65465637542687,-0.9953436245731098,277
456,2020-04-22 16:00:00,-1,199.69999999999996,205.57863052713168,5.878630527131719,277
457,2020-05-12 17:00:00,1,183.32999999999996,192.12475379939204,8.794753799392083,278
458,2020-05-19 10:00:00,-1,196.30999999999992,192.42974859769564,-3.880251402304282,278
459,2020-05-22 16:30:00,1,188.6,175.46371267731615,-13.136287322683842,279
460,2020-05-27 11:10:00,-1,221.9199999999999,207.47563844123752,-14.444361558762381,279
461,2020-06-04 16:40:00,1,212.55000000000004,206.8526161606955,-5.6973838393045355,280
462,2020-06-08 10:00:00,-1,223.15000000000003,253.82510184389923,30.6751018438992,280
463,2020-06-10 11:30:00,1,202.3,211.8657422003792,9.56574220037919,281
464,2020-06-16 10:00:00,-1,212.18999999999994,213.2747572896598,1.0847572896598479,281
465,2020-06-18 14:40:00,1,200.74999999999994,200.74256595081914,-0.007434049180801594,282
466,2020-07-02 14:00:00,-1,216.79000000000008,250.50836397374064,33.718363973740566,282
467,2020-07-09 18:00:00,1,205.70000000000002,205.52473362803312,-0.17526637196689876,283
468,2020-07-20 23:10:00,-1,219.28,214.43542556608318,-4.844574433916819,284
469,2020-07-24 19:00:00,1,197.72999999999996,205.5232254175732,7.79322541757324,285
470,2020-07-24 19:10:00,-1,244.04000000000008,210.11290959134666,-33.92709040865341,285
471,2020-08-20 11:10:00,1,215.79,232.79562169546702,17.005621695467028,286
472,2020-09-14 10:50:00,-1,232.59999999999997,225.37214817398174,-7.227851826018224,286
473,2020-09-29 17:40:00,1,200.5,223.49000000000004,22.990000000000038,288
474,2020-10-20 16:50:00,-1,214.73000000000005,220.5640670367379,5.834067036737849,288
475,2020-10-28 10:00:00,1,196.14999999999995,200.13215985857286,3.9821598585729134,289
476,2020-11-02 18:20:00,-1,249.83999999999992,208.70410955354532,-41.135890446454596,289
477,2020-11-19 10:40:00,1,236.57,225.33714953645193,-11.232850463548061,290
478,2020-11-24 17:30:00,-1,287.7400000000001,251.3241445726085,-36.41585542739162,290
479,2020-12-15 17:30:00,1,257.05000000000007,272.5917472437826,15.541747243782538,291
480,2020-12-23 17:40:00,-1,296.0699999999999,270.65481459381647,-25.41518540618341,291
481,2021-01-13 14:00:00,1,261.65000000000003,280.17216376886626,18.52216376886622,292
482,2021-01-27 11:20:00,-1,273.7999999999999,279.4866039159141,5.686603915914191,292
483,2021-01-28 10:00:00,1,257.35999999999996,261.477207543147,4.11720754314706,293
484,2021-02-02 17:50:00,-1,276.2900000000001,284.5262360334688,8.236236033468742,293
485,2021-02-10 18:20:00,1,258.5499999999999,258.9362417206704,0.38624172067051177,294
486,2021-02-15 10:00:00,-1,275.07,274.28113531964345,-0.7888646803565393,294
487,2021-02-19 10:40:00,1,264.19,234.3747850451788,-29.815214954821187,295
488,2021-02-25 11:50:00,-1,293.88000000000005,287.2393600997718,-6.64063990022828,295
489,2021-03-17 15:00:00,1,278.03000000000003,279.0216741087754,0.9916741087753849,298
490,2021-03-22 13:20:00,-1,295.71999999999997,304.1929927265274,8.472992726527423,298
491,2021-04-06 10:40:00,1,277.99999999999994,269.93996424210053,-8.060035757899414,299
492,2021-04-14 09:50:00,-1,320.19,299.69575334602627,-20.494246653973732,299
493,2021-05-11 09:50:00,1,293.0000000000001,282.9658982673018,-10.034101732698332,301
494,2021-05-25 13:20:00,-1,316.5799999999999,327.62105281052595,11.041052810526025,301
495,2021-06-29 11:50:00,1,290.03,301.27753398969156,11.24753398969159,302
496,2021-07-26 18:10:00,-1,338.99,318.74762402221546,-20.242375977784548,302
497,2021-08-20 15:10:00,1,320.58,302.4478417892706,-18.132158210729358,303
498,2021-09-01 18:10:00,-1,375.4799999999999,350.0665981051107,-25.413401894889205,303
499,2021-10-06 11:20:00,1,359.35000000000014,339.311274979687,-20.03872502031311,305
500,2021-10-08 15:00:00,-1,388.11000000000007,378.54842467820947,-9.561575321790599,305
501,2021-10-13 10:10:00,1,352.68000000000006,374.0736628144119,21.39366281441181,306
502,2021-11-01 17:40:00,-1,374.0000000000001,384.7432871189074,10.74328711890729,307
503,2021-11-05 17:20:00,1,300.0999999999999,338.88285203863376,38.78285203863385,308
504,2021-11-23 10:50:00,-1,329.9700000000001,365.6506964641051,35.68069646410504,309
505,2021-11-25 13:40:00,1,303.2199999999999,312.2600384154408,9.040038415440904,310
506,2021-11-29 13:20:00,-1,329.4399999999999,322.08422088215883,-7.3557791178410525,310
507,2021-12-06 11:00:00,1,300.49999999999994,308.2418317026441,7.741831702644163,312
508,2021-12-08 07:30:00,-1,316.8800000000001,329.5456809361377,12.665680936137619,312
509,2021-12-08 15:00:00,1,291.5700000000001,293.2099635972161,1.6399635972159672,313
510,2021-12-09 13:30:00,-1,304.9399999999999,311.0203568724349,6.080356872435004,313
511,2021-12-13 11:00:00,1,261.50000000000006,285.5973050196923,24.09730501969227,314
512,2021-12-14 07:40:00,-1,284.7199999999999,286.09473066824086,1.374730668240943,314
513,2021-12-14 11:00:00,1,272.07999999999987,259.7586623186385,-12.321337681361342,315
514,2021-12-14 15:50:00,-1,298.6999999999999,291.154520559641,-7.545479440358861,315
515,2021-12-20 11:40:00,1,285.63,282.1793543173043,-3.450645682695722,316
516,2021-12-23 10:00:00,-1,310.09999999999997,308.22965423022464,-1.8703457697753265,316
517,2022-01-05 18:20:00,1,280.9999999999999,289.87046987372037,8.87046987372048,317
518,2022-01-06 08:00:00,-1,298.88000000000005,295.60235267876595,-3.277647321234099,317
519,2022-01-12 12:40:00,1,249.2,280.97064791018533,31.770647910185346,318
520,2022-01-14 17:40:00,-1,264.0100000000001,262.9135099398977,-1.0964900601023828,318
521,2022-01-17 11:00:00,1,247.00000000000006,246.60684309672303,-0.39315690327703123,319
522,2022-01-17 18:30:00,-1,259.99999999999994,262.89460947472327,2.8946094747233246,319
523,2022-01-18 10:20:00,1,228.09000000000003,236.61315000603955,8.523150006039515,320
524,2022-01-18 17:40:00,-1,238.00000000000009,249.4337305887517,11.433730588751615,320
525,2022-01-19 07:00:00,1,221.02999999999992,219.1996646567502,-1.8303353432497147,321
526,2022-01-19 09:30:00,-1,253.59999999999994,235.16242520220814,-18.437574797791797,321
527,2022-01-20 10:50:00,1,240.01,241.29804455279756,1.2880445527975724,323
528,2022-01-20 16:30:00,-1,263.00000000000006,256.0174767983465,-6.982523201653578,323
529,2022-01-21 07:00:00,1,245.99999999999991,231.07495680755315,-14.925043192446765,324
530,2022-01-21 15:00:00,-1,259.08000000000004,269.4940662290651,10.414066229065043,324
531,2022-01-21 17:50:00,1,226.00000000000009,244.42235332890732,18.422353328907235,325
532,2022-01-24 17:50:00,-1,243.55,258.7427391869821,15.192739186982067,325
533,2022-01-25 11:00:00,1,230.99999999999994,227.74343412103062,-3.256565878969326,326
534,2022-01-25 21:50:00,-1,245.16999999999993,246.79490518983116,1.6249051898312246,326
535,2022-01-26 23:10:00,1,233.1,231.10623909717708,-1.9937609028229133,327
536,2022-01-27 11:20:00,-1,273.1,251.4648121642481,-21.635187835751935,327
537,2022-02-01 17:40:00,1,250.0600000000001,248.4187016834755,-1.6412983165245976,329
538,2022-02-07 10:50:00,-1,282.2999999999999,276.600184436862,-5.699815563137918,330
539,2022-02-11 09:40:00,1,245.10000000000008,262.10633349426644,17.006333494266357,331
540,2022-02-14 08:30:00,-1,259.49999999999994,262.98260711911036,3.482607119110412,331
541,2022-02-14 12:50:00,1,245.11999999999995,239.06034090613932,-6.059659093860631,332
542,2022-02-14 15:40:00,-1,280.9999999999999,256.7659757597556,-24.23402424024431,332
543,2022-02-17 08:00:00,1,245.0000000000001,268.0351009661862,23.035100966186064,333
544,2022-02-21 07:00:00,-1,258.32000000000005,286.20086661965604,27.88086661965599,333
545,2022-02-21 10:20:00,1,195.25999999999996,241.53081279226902,46.270812792269055,334
546,2022-02-21 17:50:00,-1,219.09000000000003,217.47656301897797,-1.613436981022062,335
547,2022-02-21 18:20:00,1,203.06000000000006,207.69194232240608,4.631942322406019,336
548,2022-02-21 19:40:00,-1,216.7,214.64553249592728,-2.0544675040727043,336
549,2022-02-21 20:30:00,1,184.3000000000001,198.2644891507286,13.964489150728497,337
550,2022-02-21 22:20:00,-1,213.4,202.51648677319943,-10.883513226800574,337
551,2022-02-21 22:50:00,1,188.0,201.66597400552692,13.66597400552692,338
552,2022-02-22 07:10:00,-1,203.99999999999994,202.8268563570907,-1.1731436429092525,339
553,2022-02-22 07:40:00,1,194.0999999999999,191.4951359560536,-2.6048640439463213,340
554,2022-02-22 08:20:00,-1,205.70000000000002,211.05821704893506,5.358217048935046,340
555,2022-02-22 09:30:00,1,182.02999999999994,183.55694210026297,1.5269421002630281,341
556,2022-02-22 10:20:00,-1,194.94000000000003,193.98860097580118,-0.9513990241988495,341
557,2022-02-22 11:00:00,1,183.56999999999994,179.83341257477528,-3.7365874252246556,342
558,2022-02-22 12:00:00,-1,216.00000000000006,197.1364896121089,-18.863510387891154,342
559,2022-02-22 15:40:00,1,202.38999999999996,206.8799567411682,4.489956741168243,344
560,2022-02-22 17:00:00,-1,219.89999999999998,220.83646240988668,0.9364624098867012,344
561,2022-02-22 18:30:00,1,198.25000000000009,205.4121513643618,7.162151364361705,345
562,2022-02-22 19:20:00,-1,206.86999999999995,244.58342855188826,37.71342855188831,345
563,2022-02-22 20:40:00,1,194.00000000000003,184.46433248183698,-9.535667518163052,346
564,2022-02-22 21:00:00,-1,214.75000000000006,204.865574022353,-9.884425977647055,346
565,2022-02-22 22:40:00,1,89.58999999999997,184.11486448271017,94.5248644827102,347
566,2022-02-24 12:10:00,-1,147.86999999999998,98.16492149423632,-49.70507850576365,347
567,2022-02-24 13:00:00,1,110.00000000000004,136.4739537206399,26.47395372063987,348
568,2022-02-24 13:20:00,-1,115.99999999999999,121.94931170666949,5.949311706669505,348
569,2022-02-24 13:30:00,1,110.33999999999996,107.27422662173893,-3.065773378261028,349
570,2022-02-24 13:40:00,-1,116.62000000000002,120.02511237804627,3.4051123780462547,349
571,2022-02-24 14:00:00,1,104.99999999999997,107.13160338139024,2.1316033813902635,350
572,2022-02-24 14:40:00,-1,110.00000000000004,112.91038009723455,2.9103800972345084,350
573,2022-02-24 14:50:00,1,101.18000000000004,103.47176553007547,2.2917655300754376,351
574,2022-02-24 15:10:00,-1,115.00000000000001,105.94935865486431,-9.050641345135702,351
575,2022-02-24 16:10:00,1,101.99999999999996,110.06875692374653,8.068756923746577,352
576,2022-02-24 17:30:00,-1,114.98,105.99999999999997,-8.980000000000032,353
577,2022-02-24 18:10:00,1,104.99999999999997,108.03709489145902,3.0370948914590485,354
578,2022-02-24 18:20:00,-1,112.84000000000005,120.1343829147402,7.294382914740154,354
579,2022-02-24 18:30:00,1,106.41000000000003,105.17789192397201,-1.2321080760280125,355
580,2022-02-24 18:40:00,-1,122.74999999999996,110.40107045309726,-12.348929546902696,355
581,2022-02-24 19:50:00,1,112.7,110.81599041851545,-1.8840095814845483,357
582,2022-02-24 20:30:00,-1,135.35000000000002,119.21851342087481,-16.13148657912521,357
583,2022-02-24 21:20:00,1,128.45999999999998,126.51988523672213,-1.9401147632778475,358
584,2022-02-24 21:40:00,-1,159.62999999999994,134.9161233368393,-24.713876663160647,358
585,2022-02-24 22:10:00,1,121.99000000000001,148.57701898944123,26.58701898944122,359
586,2022-02-24 22:20:00,-1,139.20000000000002,134.21663324802924,-4.983366751970777,359
587,2022-02-24 22:30:00,1,130.50000000000003,127.41410683836375,-3.085893161636278,360
588,2022-02-24 22:40:00,-1,144.99999999999997,140.81322605569778,-4.186773944302189,360
589,2022-02-24 23:00:00,1,123.74999999999997,132.02136528950845,8.27136528950848,361
590,2022-02-25 10:00:00,-1,152.89000000000001,132.9120392725244,-19.97796072747562,361
591,2022-02-25 10:40:00,1,120.49999999999996,142.89332117259627,22.393321172596316,362
592,2022-02-25 12:40:00,-1,126.5,135.3922110275104,8.892211027510399,363
593,2022-02-25 13:40:00,1,115.10999999999996,118.5117604332224,3.4017604332224494,364
594,2022-02-25 15:00:00,-1,136.00000000000006,129.0463734200773,-6.953626579922769,364
595,2022-02-25 16:10:00,1,126.99999999999999,126.75298078708016,-0.24701921291982387,365
596,2022-02-25 16:30:00,-1,135.00000000000003,134.86143010824068,-0.13856989175934586,365
597,2022-02-25 17:50:00,1,127.2,126.37634158520696,-0.8236584147930444,366
598,2022-02-25 19:00:00,-1,133.98999999999998,133.56834802172224,-0.4216519782777368,366
599,2022-02-25 21:10:00,1,125.50999999999998,127.00816470730375,1.498164707303772,367
600,2022-02-25 23:10:00,-1,156.20000000000002,135.061975502824,-21.13802449717602,367
601,2022-03-24 10:20:00,1,140.18,122.59126127887237,-17.58873872112764,368
602,2022-03-24 10:40:00,-1,150.8,150.01376947189374,-0.7862305281062731,368
603,2022-03-24 10:50:00,1,142.99999999999994,141.5855090139313,-1.4144909860686425,369
604,2022-03-24 11:10:00,-1,149.0,152.00843023311006,3.0084302331100616,369
605,2022-03-24 11:20:00,1,133.28000000000003,136.05959231404003,2.779592314040002,370
606,2022-03-24 12:40:00,-1,146.99999999999997,141.00090699959952,-5.99909300040045,370
607,2022-03-25 10:10:00,1,128.19999999999996,129.6635476165611,1.4635476165611294,371
608,2022-03-25 11:00:00,-1,133.58999999999997,139.34158465191413,5.751584651914158,371
609,2022-03-28 10:00:00,1,122.00000000000003,122.58499951867594,0.5849995186759145,372
610,2022-03-29 10:10:00,-1,137.57000000000002,131.28831170479734,-6.2816882952026845,372
611,2022-03-29 12:30:00,1,125.82000000000002,131.8947142994087,6.074714299408669,373
612,2022-03-30 09:50:00,-1,138.40000000000006,136.17199129597688,-2.228008704023182,373
613,2022-03-30 10:10:00,1,131.11000000000007,131.5916075325529,0.48160753255282884,374
614,2022-03-31 10:00:00,-1,147.40999999999994,147.0619747613658,-0.34802523863413626,374
615,2022-03-31 15:40:00,1,140.46000000000006,139.40183399091924,-1.0581660090808214,375
616,2022-04-01 10:00:00,-1,166.88000000000002,146.77886694409057,-20.101133055909457,375
617,2022-04-04 10:30:00,1,150.19999999999993,157.26695190697743,7.0669519069774935,377
618,2022-04-04 11:00:00,-1,169.90000000000003,158.533697981545,-11.36630201845503,377
619,2022-04-05 10:10:00,1,147.75999999999996,157.80438958886947,10.044389588869507,378
620,2022-04-05 14:10:00,-1,159.68999999999997,156.3988852905202,-3.291114709479757,379
621,2022-04-05 17:30:00,1,140.65000000000003,154.00318844484008,13.353188444840043,380
622,2022-04-06 10:10:00,-1,153.3,151.07852567087025,-2.2214743291297623,380
623,2022-04-06 17:30:00,1,141.00000000000003,141.5084821452092,0.5084821452091717,381
624,2022-04-07 10:00:00,-1,151.0,152.0966527868792,1.09665278687919,381
625,2022-04-08 14:00:00,1,141.04000000000005,142.1928285626346,1.1528285626345394,384
626,2022-04-11 10:30:00,-1,146.98000000000002,150.11970673395345,3.1397067339534317,384
627,2022-04-11 16:20:00,1,130.35000000000002,134.5860000977132,4.236000097713173,385
628,2022-04-13 09:50:00,-1,138.14,136.21674283800175,-1.9232571619982366,385
629,2022-04-13 12:10:00,1,125.12,122.2441623723869,-2.875837627613109,386
630,2022-04-15 11:00:00,-1,132.68000000000004,131.99126595041037,-0.6887340495896694,386
631,2022-04-18 10:30:00,1,115.36000000000001,120.49708987717877,5.137089877178752,387
632,2022-04-19 16:20:00,-1,125.43999999999996,122.82680162346155,-2.6131983765384064,387
633,2022-04-20 17:10:00,1,116.55,118.89940137132052,2.349401371320525,389
634,2022-04-22 10:20:00,-1,122.31999999999996,124.7209964529884,2.400996452988437,389
635,2022-04-22 12:50:00,1,111.5,115.68406486486477,4.184064864864766,390
636,2022-04-26 11:10:00,-1,129.98000000000002,123.70712479147458,-6.272875208525434,390
637,2022-04-27 11:50:00,1,124.77,121.95023558017839,-2.8197644198216096,392
638,2022-04-27 15:50:00,-1,134.49999999999997,135.51941992493246,1.0194199249324924,392
639,2022-04-28 14:10:00,1,122.79999999999995,127.16763683728412,4.3676368372841665,393
640,2022-04-29 14:10:00,-1,131.5,135.2472764705787,3.747276470578697,393
641,2022-05-04 10:50:00,1,118.05,124.91490655077672,6.864906550776723,394
642,2022-05-16 10:00:00,-1,131.30000000000007,126.55819549588017,-4.741804504119898,395
643,2022-05-18 17:20:00,1,117.09999999999995,124.66183383991896,7.561833839919004,396
644,2022-05-24 14:10:00,-1,125.50000000000004,123.92836881295669,-1.5716311870433515,396
645,2022-05-25 15:00:00,1,120.49999999999996,114.21702548053476,-6.282974519465199,397
646,2022-05-26 10:00:00,-1,125.99000000000004,131.22584919345312,5.2358491934530775,397
647,2022-05-27 12:50:00,1,117.00000000000003,120.8985228267345,3.898522826734478,398
648,2022-06-01 13:50:00,-1,122.69000000000005,131.5870376691762,8.897037669176143,398
649,2022-06-03 11:30:00,1,117.17999999999999,116.52070134693767,-0.6592986530623222,399
650,2022-06-08 11:30:00,-1,122.18999999999997,123.88535070237273,1.6953507023727639,399
651,2022-06-14 10:00:00,1,115.80000000000003,113.34394034624584,-2.4560596537541812,400
652,2022-06-15 10:00:00,-1,133.49000000000004,129.35162248329215,-4.138377516707891,400
653,2022-06-21 10:30:00,1,126.02999999999999,118.28829409016022,-7.741705909839766,401
654,2022-06-22 14:20:00,-1,142.35000000000005,135.65734421905566,-6.692655780944392,401
655,2022-06-29 14:50:00,1,123.54999999999995,130.2973196698688,6.747319669868858,402
656,2022-06-30 12:00:00,-1,130.12999999999997,131.1742409240141,1.044240924014133,402
657,2022-06-30 18:10:00,1,122.50000000000004,119.50476457240119,-2.995235427598857,403
658,2022-07-01 10:10:00,-1,132.80000000000007,128.68221711821792,-4.117782881782148,403
659,2022-07-04 13:30:00,1,127.16000000000001,126.43691215450774,-0.7230878454922731,404
660,2022-07-05 10:00:00,-1,137.09999999999994,132.86961114365536,-4.230388856344575,404
661,2022-07-07 10:50:00,1,124.19999999999999,126.97283689541018,2.772836895410194,405
662,2022-07-12 17:50:00,-1,129.95,131.27554412664387,1.3255441266438766,405
663,2022-07-14 10:00:00,1,124.61000000000004,110.87497258174535,-13.735027418254688,406
664,2022-07-18 09:50:00,-1,130.64,132.90084714268932,2.260847142689329,406
665,2022-07-19 14:10:00,1,122.24000000000001,121.83147102962319,-0.4085289703768211,407
666,2022-07-22 11:30:00,-1,134.79,128.79430093261348,-5.995699067386511,407
667,2022-08-01 11:10:00,1,122.24000000000001,117.53757470400095,-4.702425295999063,408
668,2022-08-08 10:00:00,-1,127.38000000000002,131.60391487836498,4.223914878364951,408
669,2022-08-09 11:00:00,1,122.29999999999998,116.32945810149418,-5.9705418985058,409
670,2022-08-17 10:20:00,-1,138.34000000000006,127.28999999999996,-11.050000000000097,410
671,2022-08-31 12:30:00,1,132.01999999999998,128.7726368452031,-3.2473631547968864,411
672,2022-09-01 18:30:00,-1,145.09999999999997,139.44947096871698,-5.650529031282986,411
673,2022-09-05 12:10:00,1,133.99999999999997,137.34867779604272,3.3486777960427503,412
674,2022-09-12 10:30:00,-1,141.39000000000004,156.73688588004111,15.346885880041071,412
675,2022-09-20 12:30:00,1,125.24999999999994,128.2570854031651,3.0070854031651493,414
676,2022-09-20 15:10:00,-1,132.24999999999997,135.27367841409696,3.0236784140969917,414
677,2022-09-20 18:10:00,1,122.41999999999999,120.93244771595509,-1.4875522840448951,415
678,2022-09-20 21:50:00,-1,127.79999999999995,128.75752313685865,0.9575231368586969,415
679,2022-09-21 09:50:00,1,109.27,119.79564728264745,10.525647282647455,416
680,2022-09-21 10:10:00,-1,123.98000000000003,115.51619743516218,-8.463802564837849,416
681,2022-09-21 13:00:00,1,117.59999999999997,116.46040280082059,-1.1395971991793772,417
682,2022-09-22 10:00:00,-1,126.95000000000006,124.85672162492104,-2.0932783750790236,417
683,2022-09-23 10:30:00,1,104.99999999999997,118.10734008704047,13.107340087040498,418
684,2022-09-26 13:20:00,-1,113.73999999999997,110.99971550124071,-2.7402844987592516,419
685,2022-09-26 21:20:00,1,106.10999999999996,106.66804093843874,0.5580409384387792,420
686,2022-09-27 10:00:00,-1,112.26000000000005,111.20340617978911,-1.056593820210935,420
687,2022-09-27 14:40:00,1,107.06999999999996,108.16542677869246,1.0954267786924987,421
688,2022-09-27 18:00:00,-1,115.20000000000002,120.93396061814786,5.733960618147847,421
689,2022-09-28 12:40:00,1,103.39999999999998,108.58896759028343,5.188967590283454,422
690,2022-09-30 10:40:00,-1,113.40000000000005,111.18624783997561,-2.213752160024441,423
691,2022-09-30 13:20:00,1,105.29,105.15032118446213,-0.1396788155378772,424
692,2022-09-30 15:20:00,-1,115.49999999999996,112.35057992141022,-3.149420078589742,424
693,2022-10-04 13:20:00,1,96.5,106.83024442656999,10.33024442656999,425
694,2022-10-10 10:10:00,-1,114.37,104.27953340335067,-10.090466596649335,426
695,2022-10-19 10:20:00,1,109.30000000000001,110.01064055689599,0.7106405568959815,427
696,2022-10-20 10:20:00,-1,133.11000000000004,118.02213717306883,-15.087862826931214,427
697,2022-11-09 19:00:00,1,126.41999999999997,125.2112650570978,-1.2087349429021685,430
698,2022-11-10 10:00:00,-1,141.00000000000003,137.1528581636659,-3.847141836334117,430
699,2022-11-15 21:30:00,1,130.86,134.23440838638052,3.3744083863805088,431
700,2022-11-15 22:50:00,-1,140.35,139.52839826419304,-0.8216017358069507,431
701,2022-11-21 10:40:00,1,132.50999999999993,131.18090344777434,-1.329096552225593,432
702,2022-11-24 11:10:00,-1,143.59999999999997,149.6691145216697,6.069114521669746,432
703,2022-12-13 13:30:00,1,132.86,135.15206711420333,2.29206711420332,433
704,2022-12-20 23:40:00,-1,168.69999999999996,139.59526980297096,-29.104730197029,433
705,2023-02-09 11:20:00,1,153.83000000000007,153.83951754985955,0.009517549859481278,435
706,2023-02-17 12:10:00,-1,245.0000000000001,162.48368248070466,-82.51631751929546,436
707,2023-05-03 19:20:00,1,215.70000000000007,188.41236618091403,-27.28763381908604,439
708,2023-05-10 19:40:00,-1,235.38000000000002,233.4620331136915,-1.917966886308534,439
709,2023-05-11 21:10:00,1,223.93999999999994,224.61781750612084,0.6778175061209026,440
710,2023-05-18 10:40:00,-1,252.59000000000006,237.83685718898914,-14.753142811010918,440
711,2023-05-31 10:00:00,1,232.53999999999996,236.30730164387214,3.767301643872173,441
712,2023-06-06 19:00:00,-1,247.68000000000006,268.9094084365635,21.22940843656346,441
713,2023-06-23 21:40:00,1,233.39999999999995,233.36135144247743,-0.03864855752252083,442
714,2023-07-03 15:00:00,-1,273.35,244.7113569429397,-28.638643057060335,442
715,2023-08-04 15:20:00,1,254.33,246.92112660930547,-7.408873390694538,443
716,2023-08-28 11:30:00,-1,269.10999999999996,271.3780301085494,2.2680301085494534,444
717,2023-09-07 16:40:00,1,248.61999999999995,256.31218377431367,7.692183774313719,445
718,2023-09-29 10:40:00,-1,289.00000000000006,258.11772632084126,-30.8822736791588,446
719,2023-11-28 10:50:00,1,254.8099999999999,272.0536867051093,17.24368670510944,447
720,2023-12-15 14:30:00,-1,292.3,283.2863552258768,-9.013644774123236,448
721,2024-02-21 14:50:00,1,280.2000000000001,270.7059036209333,-9.494096379066775,449
722,2024-02-27 10:00:00,-1,302.94999999999993,309.1756730703903,6.225673070390371,449
723,2024-03-22 21:40:00,1,291.05000000000007,277.3368442312522,-13.713155768747868,450
724,2024-04-03 14:10:00,-1,324.8500000000001,342.4698615602457,17.619861560245624,450
725,2024-05-31 19:20:00,1,305.00000000000006,308.153031107634,3.1530311076339217,452
726,2024-06-05 10:00:00,-1,321.9799999999999,338.31418718041357,16.334187180413664,452
727,2024-06-13 09:50:00,1,304.1399999999999,299.7804311022246,-4.359568897775262,453
728,2024-06-13 12:20:00,-1,320.7,348.61382979540207,27.91382979540208,453
729,2024-06-19 10:00:00,1,306.0199999999999,293.53036297978656,-12.489637020213365,454
730,2024-06-24 14:20:00,-1,330.44999999999993,333.7249883797535,3.2749883797535517,454
731,2024-07-10 10:40:00,1,285.21999999999997,311.621704327271,26.401704327271034,455
732,2024-07-11 19:50:00,-1,297.48,306.7221194991004,9.242119499100397,455
733,2024-07-15 18:10:00,1,276.6999999999999,278.4759065151233,1.7759065151234381,456
734,2024-07-17 11:30:00,-1,299.99999999999994,303.97773902500705,3.9777390250071107,456
735,2024-07-29 10:20:00,1,255.56000000000003,280.6370213769166,25.077021376916576,457
736,2024-08-26 14:20:00,-1,266.95,270.5606282303874,3.6106282303874195,458
737,2024-08-28 14:10:00,1,240.01,250.9162851337686,10.90628513376862,459
738,2024-09-03 13:10:00,-1,264.6099999999999,262.9026474892927,-1.70735251070721,459
739,2024-09-12 15:50:00,1,248.74999999999994,238.3994779234237,-10.350522076576254,461
740,2024-09-13 18:10:00,-1,273.94000000000005,260.9198793161402,-13.02012068385983,461
741,2024-10-02 17:20:00,1,254.0999999999999,234.6706635111191,-19.429336488880807,462
742,2024-10-16 10:50:00,-1,264.72000000000014,275.4690994135809,10.74909941358078,463
743,2024-10-23 10:10:00,1,234.57000000000005,248.4964684339148,13.92646843391475,464
744,2024-11-06 09:50:00,-1,261.30000000000007,252.43965445700465,-8.860345542995418,464
745,2024-11-14 17:40:00,1,219.20000000000007,244.33724269176588,25.137242691765806,465
746,2024-11-28 10:10:00,-1,238.70000000000002,231.02543702122554,-7.674562978774475,465
747,2024-12-04 10:30:00,1,222.82000000000005,227.30145688084562,4.48145688084557,466
748,2024-12-05 17:40:00,-1,240.5100000000001,255.75208434289345,15.24208434289335,466
749,2024-12-10 17:50:00,1,223.71999999999997,220.74119182693704,-2.97880817306293,467
750,2024-12-19 12:10:00,-1,286.23000000000013,245.1177198883691,-41.11228011163104,467
751,2025-01-28 07:00:00,1,274.01000000000005,263.0022010156193,-11.00779898438077,470
752,2025-02-06 10:20:00,-1,318.71999999999997,293.2405684965238,-25.479431503476178,470
753,2025-02-14 16:30:00,1,303.06,306.5247218980534,3.4647218980533694,471
754,2025-02-17 07:00:00,-1,320.92,325.8487455999457,4.928745599945671,471
755,2025-02-26 16:30:00,1,300.1999999999999,302.6192695677902,2.419269567790309,472
756,2025-03-04 10:30:00,-1,329.77,323.18504772648697,-6.584952273513011,472
757,2025-03-25 16:20:00,1,298.8,316.5854863306634,17.78548633066339,473
758,2025-04-01 07:00:00,-1,312.9000000000001,315.3531603239888,2.4531603239886977,473
759,2025-04-03 16:40:00,1,275.76000000000005,289.81259471087196,14.052594710871915,474
760,2025-04-07 10:40:00,-1,294.6600000000001,302.2867353340757,7.62673533407559,475
761,2025-04-08 22:10:00,1,276.33,272.60484846067123,-3.725151539328749,476
762,2025-04-09 20:20:00,-1,320.2599999999999,305.88591494845366,-14.374085051546217,476
763,2025-04-30 07:30:00,1,291.65999999999997,281.9595183673501,-9.700481632649883,477
764,2025-05-06 18:20:00,-1,313.7099999999999,328.7669351862976,15.056935186297665,477
765,2025-05-15 12:30:00,1,296.55999999999995,297.9295807759563,1.369580775956365,478
766,2025-05-16 16:50:00,-1,312.9999999999999,344.72624889388607,31.72624889388618,478
767,2025-05-22 11:00:00,1,293.0800000000001,291.11593967376746,-1.9640603262326408,479
768,2025-05-28 13:00:00,-1,325.4299999999999,318.9261265780626,-6.503873421937271,479
769,2025-06-06 17:50:00,1,307.5500000000001,291.32718086598055,-16.222819134019574,480
770,2025-07-03 11:00:00,-1,321.4999999999999,335.7489776415112,14.248977641511317,480
771,2025-07-09 10:30:00,1,304.37999999999994,300.7067937753633,-3.673206224636658,481
772,2025-07-14 18:20:00,-1,329.2299999999999,316.43265817573877,-12.797341824261139,481
773,2025-07-18 09:50:00,1,300.24999999999994,298.43702723835173,-1.8129727616482114,482
774,2025-07-19 10:30:00,-1,322.90000000000003,316.8070884676398,-6.092911532360233,482
775,2025-08-16 10:00:00,1,279.14000000000004,305.63017161993383,26.49017161993379,484
776,2025-10-06 19:00:00,-1,295.8700000000001,297.13654697928087,1.266546979280747,484
777,2025-10-08 16:00:00,1,277.99999999999994,259.94699376307534,-18.053006236924602,485
778,2025-10-09 12:20:00,-1,306.15000000000003,328.6469879854917,22.49698798549167,485
779,2025-10-21 18:10:00,1,280.9999999999999,287.4417025626048,6.441702562604917,486
780,2025-10-30 09:40:00,-1,309.9500000000001,297.94162663068545,-12.008373369314654,486
781,2025-11-27 17:30:00,1,296.0200000000001,270.6951618428324,-25.324838157167676,487
782,2026-01-29 16:50:00,-1,328.2400000000001,310.2530774026348,-17.98692259736532,488
783,2026-06-18 14:30:00,1,295.47999999999996,300.3769109250806,4.896910925080647,490
784,2026-06-23 15:50:00,-1,310.3299999999999,321.5305722788599,11.200572278859966,490
