ticker,past_metric,decay,future_metric,n_bins,corr
CHMF,touch,none,touch,15,-0.8165997958787687
CHMF,touch,none,dwell,9,-0.0854793368005249
CHMF,touch,none,volume,15,-0.6256091422463333
CHMF,touch,none,swing,14,-0.5726016576488129
CHMF,touch,hl150,touch,15,-0.418861817354593
CHMF,touch,hl150,dwell,9,-0.052366833375009525
CHMF,touch,hl150,volume,15,-0.12403990172730373
CHMF,touch,hl150,swing,14,-0.11145721670274664
CHMF,touch,hl400,touch,15,-0.48181843375995836
CHMF,touch,hl400,dwell,9,0.04361345438030471
CHMF,touch,hl400,volume,15,-0.1611044082355212
CHMF,touch,hl400,swing,14,-0.16336781586453797
CHMF,dwell,none,touch,14,-0.6645456322881076
CHMF,dwell,none,dwell,8,0.2802277055868654
CHMF,dwell,none,volume,14,-0.5068107757295648
CHMF,dwell,none,swing,14,-0.4574844628871124
CHMF,dwell,hl150,touch,14,-0.15386885467058734
CHMF,dwell,hl150,dwell,8,0.3280534842400342
CHMF,dwell,hl150,volume,14,0.03470202829404937
CHMF,dwell,hl150,swing,14,-0.06299996622095036
CHMF,dwell,hl400,touch,14,-0.18100604073244003
CHMF,dwell,hl400,dwell,8,0.41726874281568316
CHMF,dwell,hl400,volume,14,0.03246925930679484
CHMF,dwell,hl400,swing,14,-0.07784023883855691
CHMF,volume,none,touch,15,-0.689138646144029
CHMF,volume,none,dwell,9,0.13474528305543715
CHMF,volume,none,volume,15,-0.43247792859093287
CHMF,volume,none,swing,14,-0.38730750339499187
CHMF,volume,hl150,touch,15,-0.3834680668984936
CHMF,volume,hl150,dwell,9,0.09272275124023052
CHMF,volume,hl150,volume,15,-0.12126817645316337
CHMF,volume,hl150,swing,14,-0.13476776025673837
CHMF,volume,hl400,touch,15,-0.4291850067487557
CHMF,volume,hl400,dwell,9,0.16462318344238358
CHMF,volume,hl400,volume,15,-0.12891567719490982
CHMF,volume,hl400,swing,14,-0.13851448298456207
CHMF,swing,none,touch,17,-0.7109648344190701
CHMF,swing,none,dwell,15,-0.5291643181578065
CHMF,swing,none,volume,15,-0.39430285902460654
CHMF,swing,none,swing,14,-0.24668810905908434
CHMF,swing,hl150,touch,17,-0.07635076019936739
CHMF,swing,hl150,dwell,15,-0.21214594773977488
CHMF,swing,hl150,volume,15,-0.038460930498078305
CHMF,swing,hl150,swing,14,0.08496706078783829
CHMF,swing,hl400,touch,17,-0.0991960822665998
CHMF,swing,hl400,dwell,15,-0.18024187852552628
CHMF,swing,hl400,volume,15,0.0011362231122710646
CHMF,swing,hl400,swing,14,0.14187394156059033
LKOH,touch,none,touch,21,-0.8510910882649293
LKOH,touch,none,dwell,19,-0.7620956007444396
LKOH,touch,none,volume,22,-0.7524876500198556
LKOH,touch,none,swing,24,-0.6874998706058217
LKOH,touch,hl150,touch,21,-0.19620368679493871
LKOH,touch,hl150,dwell,19,-0.04838386981333568
LKOH,touch,hl150,volume,22,-0.42629650321941087
LKOH,touch,hl150,swing,24,-0.23404421825727648
LKOH,touch,hl400,touch,21,-0.553917947658203
LKOH,touch,hl400,dwell,19,-0.34576706301128224
LKOH,touch,hl400,volume,22,-0.60641774641021
LKOH,touch,hl400,swing,24,-0.4422092734471156
LKOH,dwell,none,touch,18,-0.927131899834191
LKOH,dwell,none,dwell,16,-0.8928208811870019
LKOH,dwell,none,volume,19,-0.8569859285276487
LKOH,dwell,none,swing,22,-0.7926319983422005
LKOH,dwell,hl150,touch,18,-0.25978168969631416
LKOH,dwell,hl150,dwell,16,-0.0036024160497292674
LKOH,dwell,hl150,volume,19,-0.5697904325209058
LKOH,dwell,hl150,swing,22,-0.408076861678544
LKOH,dwell,hl400,touch,18,-0.5411468919873925
LKOH,dwell,hl400,dwell,16,-0.2662736030918878
LKOH,dwell,hl400,volume,19,-0.6803421753000847
LKOH,dwell,hl400,swing,22,-0.537873207265859
LKOH,volume,none,touch,21,-0.8370200794215066
LKOH,volume,none,dwell,19,-0.7325950817940566
LKOH,volume,none,volume,22,-0.7337648295685125
LKOH,volume,none,swing,22,-0.8022259313825749
LKOH,volume,hl150,touch,21,-0.2858958204085001
LKOH,volume,hl150,dwell,19,-0.05619024450653058
LKOH,volume,hl150,volume,22,-0.4930876015841523
LKOH,volume,hl150,swing,22,-0.42055589822819434
LKOH,volume,hl400,touch,21,-0.5924628587476019
LKOH,volume,hl400,dwell,19,-0.4301299091066227
LKOH,volume,hl400,volume,22,-0.659074390730154
LKOH,volume,hl400,swing,22,-0.6186646420387699
LKOH,swing,none,touch,22,-0.8683579609313045
LKOH,swing,none,dwell,21,-0.8188436791937617
LKOH,swing,none,volume,21,-0.7376775594239489
LKOH,swing,none,swing,21,-0.7766298789586311
LKOH,swing,hl150,touch,22,-0.650531911826637
LKOH,swing,hl150,dwell,21,-0.6049288488946641
LKOH,swing,hl150,volume,21,-0.6043516509276207
LKOH,swing,hl150,swing,21,-0.5946033022247807
LKOH,swing,hl400,touch,22,-0.712240237440092
LKOH,swing,hl400,dwell,21,-0.654621917960336
LKOH,swing,hl400,volume,21,-0.6540754959784393
LKOH,swing,hl400,swing,21,-0.6263590435235691
MGNT,touch,none,touch,75,-0.07605595638410349
MGNT,touch,none,dwell,66,-0.018652632010343197
MGNT,touch,none,volume,78,-0.19641302305940242
MGNT,touch,none,swing,81,-0.1458540768251933
MGNT,touch,hl150,touch,75,-0.19369452938417583
MGNT,touch,hl150,dwell,66,-0.16764259559634165
MGNT,touch,hl150,volume,78,-0.34846508158643436
MGNT,touch,hl150,swing,81,-0.198521331655908
MGNT,touch,hl400,touch,75,-0.2166966153342054
MGNT,touch,hl400,dwell,66,-0.1934834178686042
MGNT,touch,hl400,volume,78,-0.36972135590708555
MGNT,touch,hl400,swing,81,-0.23649189906033294
MGNT,dwell,none,touch,63,0.05239800359054144
MGNT,dwell,none,dwell,55,0.06092953180686466
MGNT,dwell,none,volume,65,-0.1322778042752431
MGNT,dwell,none,swing,79,-0.11408009638576114
MGNT,dwell,hl150,touch,63,-0.18910179750645448
MGNT,dwell,hl150,dwell,55,-0.1856587129464082
MGNT,dwell,hl150,volume,65,-0.3782541946612735
MGNT,dwell,hl150,swing,79,-0.1969616218293162
MGNT,dwell,hl400,touch,63,-0.197281964815096
MGNT,dwell,hl400,dwell,55,-0.20246737196192285
MGNT,dwell,hl400,volume,65,-0.3956987241458476
MGNT,dwell,hl400,swing,79,-0.22786367713209288
MGNT,volume,none,touch,77,-0.3009853554881288
MGNT,volume,none,dwell,68,-0.31275360212501346
MGNT,volume,none,volume,80,-0.4263012290113008
MGNT,volume,none,swing,79,-0.2890575073982258
MGNT,volume,hl150,touch,77,-0.21785069313009914
MGNT,volume,hl150,dwell,68,-0.21272839717785366
MGNT,volume,hl150,volume,80,-0.36724120621821005
MGNT,volume,hl150,swing,79,-0.21323711466958165
MGNT,volume,hl400,touch,77,-0.2762047445674858
MGNT,volume,hl400,dwell,68,-0.2763558193540071
MGNT,volume,hl400,volume,80,-0.4167991454020851
MGNT,volume,hl400,swing,79,-0.27066355323459457
MGNT,swing,none,touch,76,-0.0722584127276448
MGNT,swing,none,dwell,76,-0.03524765993886266
MGNT,swing,none,volume,76,-0.17547768435905217
MGNT,swing,none,swing,75,-0.07140431233469122
MGNT,swing,hl150,touch,76,-0.22401500939468452
MGNT,swing,hl150,dwell,76,-0.19175105741266268
MGNT,swing,hl150,volume,76,-0.3275958202421017
MGNT,swing,hl150,swing,75,-0.194501666166726
MGNT,swing,hl400,touch,76,-0.24488913730364095
MGNT,swing,hl400,dwell,76,-0.2113969560339297
MGNT,swing,hl400,volume,76,-0.35116566719818615
MGNT,swing,hl400,swing,75,-0.2175719172835785
MRKP,touch,none,touch,50,-0.6536701684228654
MRKP,touch,none,dwell,43,-0.7715016860882767
MRKP,touch,none,volume,50,-0.5007286791574205
MRKP,touch,none,swing,48,-0.6667274540769743
MRKP,touch,hl150,touch,50,-0.41178551161569593
MRKP,touch,hl150,dwell,43,-0.5163720052857174
MRKP,touch,hl150,volume,50,-0.4501025893435727
MRKP,touch,hl150,swing,48,-0.4169937956512028
MRKP,touch,hl400,touch,50,-0.5844115827331515
MRKP,touch,hl400,dwell,43,-0.6831629516120622
MRKP,touch,hl400,volume,50,-0.5524323166132376
MRKP,touch,hl400,swing,48,-0.5966831109577004
MRKP,dwell,none,touch,46,-0.35395890102279476
MRKP,dwell,none,dwell,39,-0.6090280902945968
MRKP,dwell,none,volume,46,-0.27961703144271133
MRKP,dwell,none,swing,46,-0.46416065277617935
MRKP,dwell,hl150,touch,46,-0.2935438590673256
MRKP,dwell,hl150,dwell,39,-0.40539932911153764
MRKP,dwell,hl150,volume,46,-0.34110417810234167
MRKP,dwell,hl150,swing,46,-0.3180876236671208
MRKP,dwell,hl400,touch,46,-0.4218475904043262
MRKP,dwell,hl400,dwell,39,-0.556795361565681
MRKP,dwell,hl400,volume,46,-0.431017374373231
MRKP,dwell,hl400,swing,46,-0.45632493374946914
MRKP,volume,none,touch,49,-0.3891500847597691
MRKP,volume,none,dwell,42,-0.6352646264874017
MRKP,volume,none,volume,49,-0.431477763920046
MRKP,volume,none,swing,46,-0.44701436243492804
MRKP,volume,hl150,touch,49,-0.17638979275752895
MRKP,volume,hl150,dwell,42,-0.3057879733594903
MRKP,volume,hl150,volume,49,-0.2655367787274524
MRKP,volume,hl150,swing,46,-0.2328484861011856
MRKP,volume,hl400,touch,49,-0.29980073506890087
MRKP,volume,hl400,dwell,42,-0.43118870820216104
MRKP,volume,hl400,volume,49,-0.35579115971879527
MRKP,volume,hl400,swing,46,-0.33984150894459475
MRKP,swing,none,touch,51,-0.45489002078303337
MRKP,swing,none,dwell,49,-0.5257460579693806
MRKP,swing,none,volume,49,-0.4149214868661706
MRKP,swing,none,swing,46,-0.5212241624908729
MRKP,swing,hl150,touch,51,-0.32989918333605117
MRKP,swing,hl150,dwell,49,-0.39661590745767206
MRKP,swing,hl150,volume,49,-0.35589096775886025
MRKP,swing,hl150,swing,46,-0.35997840047679114
MRKP,swing,hl400,touch,51,-0.4331185246099662
MRKP,swing,hl400,dwell,49,-0.49496550379283777
MRKP,swing,hl400,volume,49,-0.4358788901572118
MRKP,swing,hl400,swing,46,-0.4650615496893911
NLMK,touch,none,touch,34,-0.8895195449236941
NLMK,touch,none,dwell,32,-0.8409945058789182
NLMK,touch,none,volume,35,-0.8873722016046979
NLMK,touch,none,swing,36,-0.8041442255581909
NLMK,touch,hl150,touch,34,-0.7946659319754582
NLMK,touch,hl150,dwell,32,-0.7289256745972922
NLMK,touch,hl150,volume,35,-0.7864004281997211
NLMK,touch,hl150,swing,36,-0.7753441318053219
NLMK,touch,hl400,touch,34,-0.8153923961862936
NLMK,touch,hl400,dwell,32,-0.7512350149634885
NLMK,touch,hl400,volume,35,-0.8011473962254297
NLMK,touch,hl400,swing,36,-0.7878176170891222
NLMK,dwell,none,touch,32,-0.8545766847957783
NLMK,dwell,none,dwell,30,-0.7915795520816648
NLMK,dwell,none,volume,33,-0.8433614356047912
NLMK,dwell,none,swing,34,-0.7755278735247068
NLMK,dwell,hl150,touch,32,-0.7666581227663893
NLMK,dwell,hl150,dwell,30,-0.705628883394849
NLMK,dwell,hl150,volume,33,-0.7564894372834282
NLMK,dwell,hl150,swing,34,-0.7571177626203667
NLMK,dwell,hl400,touch,32,-0.7840562730482844
NLMK,dwell,hl400,dwell,30,-0.7196206792075573
NLMK,dwell,hl400,volume,33,-0.7698154679046784
NLMK,dwell,hl400,swing,34,-0.7701996076176264
NLMK,volume,none,touch,33,-0.7784198511036186
NLMK,volume,none,dwell,31,-0.7043147261273688
NLMK,volume,none,volume,34,-0.7340331193606042
NLMK,volume,none,swing,34,-0.723327443812514
NLMK,volume,hl150,touch,33,-0.7915789074389377
NLMK,volume,hl150,dwell,31,-0.7281479844641016
NLMK,volume,hl150,volume,34,-0.7793680072388446
NLMK,volume,hl150,swing,34,-0.7707227619685207
NLMK,volume,hl400,touch,33,-0.7847832910845243
NLMK,volume,hl400,dwell,31,-0.7126360139817367
NLMK,volume,hl400,volume,34,-0.7608848107308778
NLMK,volume,hl400,swing,34,-0.7593348731740843
NLMK,swing,none,touch,37,-0.8773118089883072
NLMK,swing,none,dwell,34,-0.8224878745833838
NLMK,swing,none,volume,34,-0.8332091224686381
NLMK,swing,none,swing,34,-0.7822702616137065
NLMK,swing,hl150,touch,37,-0.7736225838867572
NLMK,swing,hl150,dwell,34,-0.7120704213155677
NLMK,swing,hl150,volume,34,-0.7203605828920399
NLMK,swing,hl150,swing,34,-0.7170408651911169
NLMK,swing,hl400,touch,37,-0.8227033328957956
NLMK,swing,hl400,dwell,34,-0.755797272116151
NLMK,swing,hl400,volume,34,-0.7576935620202798
NLMK,swing,hl400,swing,34,-0.7546440661659475
NVTK,touch,none,touch,10,-0.6015720490598856
NVTK,touch,none,dwell,9,-0.3827371235870098
NVTK,touch,none,volume,10,-0.5681342748061177
NVTK,touch,none,swing,10,-0.4900420999541974
NVTK,touch,hl150,touch,10,-0.2315235865042571
NVTK,touch,hl150,dwell,9,-0.1820883290056481
NVTK,touch,hl150,volume,10,-0.2837704106265245
NVTK,touch,hl150,swing,10,-0.18615152094800266
NVTK,touch,hl400,touch,10,-0.49600636882159616
NVTK,touch,hl400,dwell,9,-0.32754796668315894
NVTK,touch,hl400,volume,10,-0.49023288262518405
NVTK,touch,hl400,swing,10,-0.4040393200338631
NVTK,dwell,none,touch,9,-0.6121369243989117
NVTK,dwell,none,dwell,8,-0.5398750262596059
NVTK,dwell,none,volume,9,-0.5143958050518466
NVTK,dwell,none,swing,10,-0.3942251545488139
NVTK,dwell,hl150,touch,9,-0.14466483667817126
NVTK,dwell,hl150,dwell,8,-0.3235943588849409
NVTK,dwell,hl150,volume,9,-0.14239476062708004
NVTK,dwell,hl150,swing,10,-0.05162224676166715
NVTK,dwell,hl400,touch,9,-0.4931850184967596
NVTK,dwell,hl400,dwell,8,-0.5005347667744998
NVTK,dwell,hl400,volume,9,-0.420201908414201
NVTK,dwell,hl400,swing,10,-0.29146929702447166
NVTK,volume,none,touch,10,-0.5760427595805465
NVTK,volume,none,dwell,9,-0.3767510802787669
NVTK,volume,none,volume,10,-0.4777416360179385
NVTK,volume,none,swing,10,-0.45614904794362066
NVTK,volume,hl150,touch,10,-0.3489980549551682
NVTK,volume,hl150,dwell,9,-0.26189790558120907
NVTK,volume,hl150,volume,10,-0.29773212033535623
NVTK,volume,hl150,swing,10,-0.2664328736669201
NVTK,volume,hl400,touch,10,-0.5117398258349001
NVTK,volume,hl400,dwell,9,-0.34758183220683636
NVTK,volume,hl400,volume,10,-0.4255372129814342
NVTK,volume,hl400,swing,10,-0.40243371238070313
NVTK,swing,none,touch,10,-0.44140411999964335
NVTK,swing,none,dwell,10,-0.27645065475879804
NVTK,swing,none,volume,10,-0.37556353789884656
NVTK,swing,none,swing,10,-0.35153989648598066
NVTK,swing,hl150,touch,10,-0.08810243391714685
NVTK,swing,hl150,dwell,10,0.015312132261595548
NVTK,swing,hl150,volume,10,-0.10051694150414434
NVTK,swing,hl150,swing,10,-0.05959026329190181
NVTK,swing,hl400,touch,10,-0.31781129392808455
NVTK,swing,hl400,dwell,10,-0.17179655642558758
NVTK,swing,hl400,volume,10,-0.2788919452603207
NVTK,swing,hl400,swing,10,-0.24929877687298196
SBER,touch,none,touch,27,-0.5899923171993792
SBER,touch,none,dwell,22,-0.23193433919550388
SBER,touch,none,volume,27,-0.38766021260322014
SBER,touch,none,swing,29,-0.43509415161412107
SBER,touch,hl150,touch,27,0.12964406619246402
SBER,touch,hl150,dwell,22,0.1695061506888234
SBER,touch,hl150,volume,27,0.24016981879427912
SBER,touch,hl150,swing,29,0.08947256430711742
SBER,touch,hl400,touch,27,-0.18116680318309553
SBER,touch,hl400,dwell,22,0.104390624720472
SBER,touch,hl400,volume,27,-0.005371932571236531
SBER,touch,hl400,swing,29,-0.15692573063097232
SBER,dwell,none,touch,24,-0.6391681980683381
SBER,dwell,none,dwell,21,-0.23406472094133499
SBER,dwell,none,volume,24,-0.48486729228373454
SBER,dwell,none,swing,27,-0.46096413782605666
SBER,dwell,hl150,touch,24,0.1859089239474986
SBER,dwell,hl150,dwell,21,0.18335368344791997
SBER,dwell,hl150,volume,24,0.15737871203221063
SBER,dwell,hl150,swing,27,0.19922344952912138
SBER,dwell,hl400,touch,24,-0.15397448968840263
SBER,dwell,hl400,dwell,21,0.09214802259981607
SBER,dwell,hl400,volume,24,-0.138848588752034
SBER,dwell,hl400,swing,27,-0.0535909829538024
SBER,volume,none,touch,28,-0.5998453647714411
SBER,volume,none,dwell,23,-0.31241282185548147
SBER,volume,none,volume,28,-0.41143174815355854
SBER,volume,none,swing,27,-0.4871902642457368
SBER,volume,hl150,touch,28,-0.01498846289216102
SBER,volume,hl150,dwell,23,0.06656837962230219
SBER,volume,hl150,volume,28,0.17000169576347957
SBER,volume,hl150,swing,27,0.1291373239217468
SBER,volume,hl400,touch,28,-0.4866066085134623
SBER,volume,hl400,dwell,23,-0.1510436177505162
SBER,volume,hl400,volume,28,-0.2481955638248273
SBER,volume,hl400,swing,27,-0.33433285788346206
SBER,swing,none,touch,34,-0.7803687357781053
SBER,swing,none,dwell,27,-0.47363174488737914
SBER,swing,none,volume,27,-0.43095330551795347
SBER,swing,none,swing,27,-0.44955356533365065
SBER,swing,hl150,touch,34,0.27258593051304664
SBER,swing,hl150,dwell,27,0.28653207620683424
SBER,swing,hl150,volume,27,0.16535483629962405
SBER,swing,hl150,swing,27,0.22768255757763095
SBER,swing,hl400,touch,34,-0.38389583284814344
SBER,swing,hl400,dwell,27,0.025352912625905555
SBER,swing,hl400,volume,27,-0.05877525511205102
SBER,swing,hl400,swing,27,0.00954015436772595
VTBR,touch,none,touch,63,-0.11601623074859599
VTBR,touch,none,dwell,57,-0.008453747669538443
VTBR,touch,none,volume,64,-0.44075315159350875
VTBR,touch,none,swing,62,-0.14271896151740787
VTBR,touch,hl150,touch,63,-0.24659280416779336
VTBR,touch,hl150,dwell,57,-0.17191035851166053
VTBR,touch,hl150,volume,64,-0.28920525170618216
VTBR,touch,hl150,swing,62,-0.2284613208629943
VTBR,touch,hl400,touch,63,-0.17540869391433594
VTBR,touch,hl400,dwell,57,-0.08191899912709442
VTBR,touch,hl400,volume,64,-0.3287069404837285
VTBR,touch,hl400,swing,62,-0.18449031218091583
VTBR,dwell,none,touch,44,-0.21398970996846772
VTBR,dwell,none,dwell,39,-0.21889770936241024
VTBR,dwell,none,volume,45,-0.21762516399235662
VTBR,dwell,none,swing,59,-0.14692265225864937
VTBR,dwell,hl150,touch,44,-0.29741680463002756
VTBR,dwell,hl150,dwell,39,-0.24005785768384713
VTBR,dwell,hl150,volume,45,-0.32426358931169746
VTBR,dwell,hl150,swing,59,-0.22887744665233412
VTBR,dwell,hl400,touch,44,-0.2467481794107177
VTBR,dwell,hl400,dwell,39,-0.19954042918173395
VTBR,dwell,hl400,volume,45,-0.2694736915171347
VTBR,dwell,hl400,swing,59,-0.1898915653178145
VTBR,volume,none,touch,61,0.0677558545866116
VTBR,volume,none,dwell,56,0.12365642613531441
VTBR,volume,none,volume,62,-0.3011937294802165
VTBR,volume,none,swing,59,-1.1572505152195822e-05
VTBR,volume,hl150,touch,61,-0.21533580278175976
VTBR,volume,hl150,dwell,56,-0.11412893627682166
VTBR,volume,hl150,volume,62,-0.2847930526341213
VTBR,volume,hl150,swing,59,-0.2039885413374619
VTBR,volume,hl400,touch,61,0.0016498967798515044
VTBR,volume,hl400,dwell,56,0.1133323405157911
VTBR,volume,hl400,volume,62,-0.26740438381305937
VTBR,volume,hl400,swing,59,-0.045159102046218744
VTBR,swing,none,touch,57,-0.19956569168667296
VTBR,swing,none,dwell,57,-0.14725534552727318
VTBR,swing,none,volume,57,-0.34859933145873506
VTBR,swing,none,swing,54,-0.21275391897987492
VTBR,swing,hl150,touch,57,-0.24951358164928397
VTBR,swing,hl150,dwell,57,-0.2204462641649242
VTBR,swing,hl150,volume,57,-0.253108134748925
VTBR,swing,hl150,swing,54,-0.2418369876522826
VTBR,swing,hl400,touch,57,-0.21464055255796452
VTBR,swing,hl400,dwell,57,-0.18084725345323416
VTBR,swing,hl400,volume,57,-0.27109310497650096
VTBR,swing,hl400,swing,54,-0.21928898177960662
