ticker,window,p_fit,n_levels,xi,method,mae,rmae,n_origins,n_nan
CHMF,30,7,2,29,pred_persist,0.00019218327952497173,1.0,40,0
CHMF,30,7,2,29,pred_accel,8.723170948034717e-05,0.4538985373543516,40,0
CHMF,30,7,2,29,pred_nocascade,0.00011588602339797447,0.6029974287274902,40,0
CHMF,30,7,2,29,pred_cascade,0.00010481400879086039,0.5453856810537004,40,0
CHMF,30,7,4,29,pred_persist,0.00019218327952497173,1.0,40,0
CHMF,30,7,4,29,pred_accel,8.723170948034717e-05,0.4538985373543516,40,0
CHMF,30,7,4,29,pred_nocascade,0.00011588602339797447,0.6029974287274902,40,0
CHMF,30,7,4,29,pred_cascade,0.00010038062969521849,0.5223171856747055,40,0
CHMF,30,9,2,35,pred_persist,0.00019218327952497173,1.0,40,0
CHMF,30,9,2,35,pred_accel,8.723170948034717e-05,0.4538985373543516,40,0
CHMF,30,9,2,35,pred_nocascade,0.00010052252415130255,0.5230555145055735,40,0
CHMF,30,9,2,35,pred_cascade,0.00011602517491277711,0.6037214850301331,40,0
CHMF,30,9,4,35,pred_persist,0.00019218327952497173,1.0,40,0
CHMF,30,9,4,35,pred_accel,8.723170948034717e-05,0.4538985373543516,40,0
CHMF,30,9,4,35,pred_nocascade,0.00010052252415130255,0.5230555145055735,40,0
CHMF,30,9,4,35,pred_cascade,0.00010765833732551423,0.5601857642955116,40,0
CHMF,30,13,2,47,pred_persist,0.00019218327952497173,1.0,40,0
CHMF,30,13,2,47,pred_accel,8.723170948034717e-05,0.4538985373543516,40,0
CHMF,30,13,2,47,pred_nocascade,9.133782232753668e-05,0.47526414656519855,40,0
CHMF,30,13,2,47,pred_cascade,0.0001159929972887736,0.6035540530657966,40,0
CHMF,30,13,4,47,pred_persist,0.00019218327952497173,1.0,40,0
CHMF,30,13,4,47,pred_accel,8.723170948034717e-05,0.4538985373543516,40,0
CHMF,30,13,4,47,pred_nocascade,9.133782232753668e-05,0.47526414656519855,40,0
CHMF,30,13,4,47,pred_cascade,0.00011748655168384197,0.6113255636715061,40,0
CHMF,50,7,2,29,pred_persist,8.904921604596845e-05,1.0,40,0
CHMF,50,7,2,29,pred_accel,4.2291662941087496e-05,0.47492459584659286,40,0
CHMF,50,7,2,29,pred_nocascade,5.725942705218003e-05,0.6430087719427189,40,0
CHMF,50,7,2,29,pred_cascade,5.69003250402813e-05,0.6389761478743233,40,0
CHMF,50,7,4,29,pred_persist,8.904921604596845e-05,1.0,40,0
CHMF,50,7,4,29,pred_accel,4.2291662941087496e-05,0.47492459584659286,40,0
CHMF,50,7,4,29,pred_nocascade,5.725942705218003e-05,0.6430087719427189,40,0
CHMF,50,7,4,29,pred_cascade,5.443118312475514e-05,0.6112483134793348,40,0
CHMF,50,9,2,35,pred_persist,8.904921604596845e-05,1.0,40,0
CHMF,50,9,2,35,pred_accel,4.2291662941087496e-05,0.47492459584659286,40,0
CHMF,50,9,2,35,pred_nocascade,5.623530556921276e-05,0.6315081487093981,40,0
CHMF,50,9,2,35,pred_cascade,5.4026811917368394e-05,0.6067073278834818,40,0
CHMF,50,9,4,35,pred_persist,8.904921604596845e-05,1.0,40,0
CHMF,50,9,4,35,pred_accel,4.2291662941087496e-05,0.47492459584659286,40,0
CHMF,50,9,4,35,pred_nocascade,5.623530556921276e-05,0.6315081487093981,40,0
CHMF,50,9,4,35,pred_cascade,5.5750765873655036e-05,0.6260668914241279,40,0
CHMF,50,13,2,47,pred_persist,8.904921604596845e-05,1.0,40,0
CHMF,50,13,2,47,pred_accel,4.2291662941087496e-05,0.47492459584659286,40,0
CHMF,50,13,2,47,pred_nocascade,5.2165466227644e-05,0.5858048901937043,40,0
CHMF,50,13,2,47,pred_cascade,5.129136304012046e-05,0.5759889341826787,40,0
CHMF,50,13,4,47,pred_persist,8.904921604596845e-05,1.0,40,0
CHMF,50,13,4,47,pred_accel,4.2291662941087496e-05,0.47492459584659286,40,0
CHMF,50,13,4,47,pred_nocascade,5.2165466227644e-05,0.5858048901937043,40,0
CHMF,50,13,4,47,pred_cascade,5.3771156329021286e-05,0.6038363807859225,40,0
CHMF,100,7,2,29,pred_persist,5.149238197104864e-05,1.0,40,0
CHMF,100,7,2,29,pred_accel,9.072960019400783e-06,0.1762000449795081,40,0
CHMF,100,7,2,29,pred_nocascade,9.910282810768214e-06,0.1924611453465141,40,0
CHMF,100,7,2,29,pred_cascade,1.0627171515076644e-05,0.20638337377850813,40,0
CHMF,100,7,4,29,pred_persist,5.149238197104864e-05,1.0,40,0
CHMF,100,7,4,29,pred_accel,9.072960019400783e-06,0.1762000449795081,40,0
CHMF,100,7,4,29,pred_nocascade,9.910282810768214e-06,0.1924611453465141,40,0
CHMF,100,7,4,29,pred_cascade,1.2451196739921348e-05,0.24180657921247414,40,0
CHMF,100,9,2,35,pred_persist,5.149238197104864e-05,1.0,40,0
CHMF,100,9,2,35,pred_accel,9.072960019400783e-06,0.1762000449795081,40,0
CHMF,100,9,2,35,pred_nocascade,1.1225488235856556e-05,0.21800289297488776,40,0
CHMF,100,9,2,35,pred_cascade,1.0143629219743579e-05,0.1969928139165671,40,0
CHMF,100,9,4,35,pred_persist,5.149238197104864e-05,1.0,40,0
CHMF,100,9,4,35,pred_accel,9.072960019400783e-06,0.1762000449795081,40,0
CHMF,100,9,4,35,pred_nocascade,1.1225488235856556e-05,0.21800289297488776,40,0
CHMF,100,9,4,35,pred_cascade,1.3270569879506029e-05,0.2577190910874418,40,0
CHMF,100,13,2,47,pred_persist,5.149238197104864e-05,1.0,40,0
CHMF,100,13,2,47,pred_accel,9.072960019400783e-06,0.1762000449795081,40,0
CHMF,100,13,2,47,pred_nocascade,1.0374247694119422e-05,0.20147150504616967,40,0
CHMF,100,13,2,47,pred_cascade,1.023128108035594e-05,0.19869504359127205,40,0
CHMF,100,13,4,47,pred_persist,5.149238197104864e-05,1.0,40,0
CHMF,100,13,4,47,pred_accel,9.072960019400783e-06,0.1762000449795081,40,0
CHMF,100,13,4,47,pred_nocascade,1.0374247694119422e-05,0.20147150504616967,40,0
CHMF,100,13,4,47,pred_cascade,1.2623044866163255e-05,0.24514392970324245,40,0
LKOH,30,7,2,29,pred_persist,0.000280793535436636,1.0,40,0
LKOH,30,7,2,29,pred_accel,8.316329127856105e-05,0.29617238569699095,40,0
LKOH,30,7,2,29,pred_nocascade,0.00011305310193198618,0.4026200309639885,40,0
LKOH,30,7,2,29,pred_cascade,0.00011735756501371673,0.4179496683612209,40,0
LKOH,30,7,4,29,pred_persist,0.000280793535436636,1.0,40,0
LKOH,30,7,4,29,pred_accel,8.316329127856105e-05,0.29617238569699095,40,0
LKOH,30,7,4,29,pred_nocascade,0.00011305310193198618,0.4026200309639885,40,0
LKOH,30,7,4,29,pred_cascade,0.0001227448913177038,0.43713574504781455,40,0
LKOH,30,9,2,35,pred_persist,0.000280793535436636,1.0,40,0
LKOH,30,9,2,35,pred_accel,8.316329127856105e-05,0.29617238569699095,40,0
LKOH,30,9,2,35,pred_nocascade,0.00011164231588410614,0.39759574845803175,40,0
LKOH,30,9,2,35,pred_cascade,0.0001249174995402644,0.44487313194734623,40,0
LKOH,30,9,4,35,pred_persist,0.000280793535436636,1.0,40,0
LKOH,30,9,4,35,pred_accel,8.316329127856105e-05,0.29617238569699095,40,0
LKOH,30,9,4,35,pred_nocascade,0.00011164231588410614,0.39759574845803175,40,0
LKOH,30,9,4,35,pred_cascade,0.00012505356571605904,0.44535770925637524,40,0
LKOH,30,13,2,47,pred_persist,0.000280793535436636,1.0,40,0
LKOH,30,13,2,47,pred_accel,8.316329127856105e-05,0.29617238569699095,40,0
LKOH,30,13,2,47,pred_nocascade,0.00014209392050767793,0.5060441305627669,40,0
LKOH,30,13,2,47,pred_cascade,0.00013305359339720258,0.47384849223933617,40,0
LKOH,30,13,4,47,pred_persist,0.000280793535436636,1.0,40,0
LKOH,30,13,4,47,pred_accel,8.316329127856105e-05,0.29617238569699095,40,0
LKOH,30,13,4,47,pred_nocascade,0.00014209392050767793,0.5060441305627669,40,0
LKOH,30,13,4,47,pred_cascade,0.00012772708231682656,0.4548789989705782,40,0
LKOH,50,7,2,29,pred_persist,0.00015379968919778143,1.0,40,0
LKOH,50,7,2,29,pred_accel,3.6382812891845306e-05,0.2365597296172568,40,0
LKOH,50,7,2,29,pred_nocascade,4.619395917229808e-05,0.30035144682831016,40,0
LKOH,50,7,2,29,pred_cascade,4.7083512228478894e-05,0.30613528853059657,40,0
LKOH,50,7,4,29,pred_persist,0.00015379968919778143,1.0,40,0
LKOH,50,7,4,29,pred_accel,3.6382812891845306e-05,0.2365597296172568,40,0
LKOH,50,7,4,29,pred_nocascade,4.619395917229808e-05,0.30035144682831016,40,0
LKOH,50,7,4,29,pred_cascade,4.711592116843254e-05,0.30634601028252395,40,0
LKOH,50,9,2,35,pred_persist,0.00015379968919778143,1.0,40,0
LKOH,50,9,2,35,pred_accel,3.6382812891845306e-05,0.2365597296172568,40,0
LKOH,50,9,2,35,pred_nocascade,4.70705694892807e-05,0.3060511353098345,40,0
LKOH,50,9,2,35,pred_cascade,4.950568976627005e-05,0.32188419901556065,40,0
LKOH,50,9,4,35,pred_persist,0.00015379968919778143,1.0,40,0
LKOH,50,9,4,35,pred_accel,3.6382812891845306e-05,0.2365597296172568,40,0
LKOH,50,9,4,35,pred_nocascade,4.70705694892807e-05,0.3060511353098345,40,0
LKOH,50,9,4,35,pred_cascade,4.628702107709721e-05,0.300956531957445,40,0
LKOH,50,13,2,47,pred_persist,0.00015379968919778143,1.0,40,0
LKOH,50,13,2,47,pred_accel,3.6382812891845306e-05,0.2365597296172568,40,0
LKOH,50,13,2,47,pred_nocascade,4.769034966251179e-05,0.3100809235133339,40,0
LKOH,50,13,2,47,pred_cascade,5.236284410728827e-05,0.3404613128960966,40,0
LKOH,50,13,4,47,pred_persist,0.00015379968919778143,1.0,40,0
LKOH,50,13,4,47,pred_accel,3.6382812891845306e-05,0.2365597296172568,40,0
LKOH,50,13,4,47,pred_nocascade,4.769034966251179e-05,0.3100809235133339,40,0
LKOH,50,13,4,47,pred_cascade,4.224079191124648e-05,0.2746480967001578,40,0
LKOH,100,7,2,29,pred_persist,4.126995374094848e-05,1.0,40,0
LKOH,100,7,2,29,pred_accel,8.743666461642368e-06,0.21186518687484765,40,0
LKOH,100,7,2,29,pred_nocascade,1.1385459291196255e-05,0.27587768483247616,40,0
LKOH,100,7,2,29,pred_cascade,1.0849705464731304e-05,0.2628959928774069,40,0
LKOH,100,7,4,29,pred_persist,4.126995374094848e-05,1.0,40,0
LKOH,100,7,4,29,pred_accel,8.743666461642368e-06,0.21186518687484765,40,0
LKOH,100,7,4,29,pred_nocascade,1.1385459291196255e-05,0.27587768483247616,40,0
LKOH,100,7,4,29,pred_cascade,1.208554515260342e-05,0.29284125755178675,40,0
LKOH,100,9,2,35,pred_persist,4.126995374094848e-05,1.0,40,0
LKOH,100,9,2,35,pred_accel,8.743666461642368e-06,0.21186518687484765,40,0
LKOH,100,9,2,35,pred_nocascade,1.117860169056184e-05,0.2708653797077149,40,0
LKOH,100,9,2,35,pred_cascade,1.25787011919468e-05,0.3047907751703167,40,0
LKOH,100,9,4,35,pred_persist,4.126995374094848e-05,1.0,40,0
LKOH,100,9,4,35,pred_accel,8.743666461642368e-06,0.21186518687484765,40,0
LKOH,100,9,4,35,pred_nocascade,1.117860169056184e-05,0.2708653797077149,40,0
LKOH,100,9,4,35,pred_cascade,1.267356186023557e-05,0.30708931586857413,40,0
LKOH,100,13,2,47,pred_persist,4.126995374094848e-05,1.0,40,0
LKOH,100,13,2,47,pred_accel,8.743666461642368e-06,0.21186518687484765,40,0
LKOH,100,13,2,47,pred_nocascade,1.2423800056363019e-05,0.3010374117292987,40,0
LKOH,100,13,2,47,pred_cascade,1.2452014012534653e-05,0.301721055727272,40,0
LKOH,100,13,4,47,pred_persist,4.126995374094848e-05,1.0,40,0
LKOH,100,13,4,47,pred_accel,8.743666461642368e-06,0.21186518687484765,40,0
LKOH,100,13,4,47,pred_nocascade,1.2423800056363019e-05,0.3010374117292987,40,0
LKOH,100,13,4,47,pred_cascade,1.219792365100455e-05,0.2955642675921306,40,0
MGNT,30,7,2,29,pred_persist,0.00022166595333083491,1.0,40,0
MGNT,30,7,2,29,pred_accel,8.645729184967095e-05,0.39003415071431397,40,0
MGNT,30,7,2,29,pred_nocascade,9.518243693948008e-05,0.42939583417856214,40,0
MGNT,30,7,2,29,pred_cascade,9.803106655504878e-05,0.4422468362055497,40,0
MGNT,30,7,4,29,pred_persist,0.00022166595333083491,1.0,40,0
MGNT,30,7,4,29,pred_accel,8.645729184967095e-05,0.39003415071431397,40,0
MGNT,30,7,4,29,pred_nocascade,9.518243693948008e-05,0.42939583417856214,40,0
MGNT,30,7,4,29,pred_cascade,0.0001011122958041418,0.4561471632643214,40,0
MGNT,30,9,2,35,pred_persist,0.00022166595333083491,1.0,40,0
MGNT,30,9,2,35,pred_accel,8.645729184967095e-05,0.39003415071431397,40,0
MGNT,30,9,2,35,pred_nocascade,0.0001074467584290002,0.4847237783451419,40,0
MGNT,30,9,2,35,pred_cascade,8.844345402600174e-05,0.3989943096673962,40,0
MGNT,30,9,4,35,pred_persist,0.00022166595333083491,1.0,40,0
MGNT,30,9,4,35,pred_accel,8.645729184967095e-05,0.39003415071431397,40,0
MGNT,30,9,4,35,pred_nocascade,0.0001074467584290002,0.4847237783451419,40,0
MGNT,30,9,4,35,pred_cascade,0.0001296655624796686,0.5849593071523422,40,0
MGNT,30,13,2,47,pred_persist,0.00022166595333083491,1.0,40,0
MGNT,30,13,2,47,pred_accel,8.645729184967095e-05,0.39003415071431397,40,0
MGNT,30,13,2,47,pred_nocascade,0.00010114777196491853,0.45630720660992163,40,0
MGNT,30,13,2,47,pred_cascade,9.579146085568298e-05,0.43214331933382155,40,0
MGNT,30,13,4,47,pred_persist,0.00022166595333083491,1.0,40,0
MGNT,30,13,4,47,pred_accel,8.645729184967095e-05,0.39003415071431397,40,0
MGNT,30,13,4,47,pred_nocascade,0.00010114777196491853,0.45630720660992163,40,0
MGNT,30,13,4,47,pred_cascade,0.00010184512356136459,0.45945316378542556,40,0
MGNT,50,7,2,29,pred_persist,9.465250370756242e-05,1.0,40,0
MGNT,50,7,2,29,pred_accel,3.3291712786674136e-05,0.3517256436188094,40,0
MGNT,50,7,2,29,pred_nocascade,4.942492090808856e-05,0.5221723564840015,40,0
MGNT,50,7,2,29,pred_cascade,4.5317850443003414e-05,0.47878131763970094,40,0
MGNT,50,7,4,29,pred_persist,9.465250370756242e-05,1.0,40,0
MGNT,50,7,4,29,pred_accel,3.3291712786674136e-05,0.3517256436188094,40,0
MGNT,50,7,4,29,pred_nocascade,4.942492090808856e-05,0.5221723564840015,40,0
MGNT,50,7,4,29,pred_cascade,4.3486055976580166e-05,0.4594284807397628,40,0
MGNT,50,9,2,35,pred_persist,9.465250370756242e-05,1.0,40,0
MGNT,50,9,2,35,pred_accel,3.3291712786674136e-05,0.3517256436188094,40,0
MGNT,50,9,2,35,pred_nocascade,4.842209887595756e-05,0.5115775809329045,40,0
MGNT,50,9,2,35,pred_cascade,4.2879600990125064e-05,0.45302130752510805,40,0
MGNT,50,9,4,35,pred_persist,9.465250370756242e-05,1.0,40,0
MGNT,50,9,4,35,pred_accel,3.3291712786674136e-05,0.3517256436188094,40,0
MGNT,50,9,4,35,pred_nocascade,4.842209887595756e-05,0.5115775809329045,40,0
MGNT,50,9,4,35,pred_cascade,3.939618858394185e-05,0.41621919168308513,40,0
MGNT,50,13,2,47,pred_persist,9.465250370756242e-05,1.0,40,0
MGNT,50,13,2,47,pred_accel,3.3291712786674136e-05,0.3517256436188094,40,0
MGNT,50,13,2,47,pred_nocascade,4.6640870110301065e-05,0.4927589686840435,40,0
MGNT,50,13,2,47,pred_cascade,4.264847331603235e-05,0.4505794526872603,40,0
MGNT,50,13,4,47,pred_persist,9.465250370756242e-05,1.0,40,0
MGNT,50,13,4,47,pred_accel,3.3291712786674136e-05,0.3517256436188094,40,0
MGNT,50,13,4,47,pred_nocascade,4.6640870110301065e-05,0.4927589686840435,40,0
MGNT,50,13,4,47,pred_cascade,3.9104483775818095e-05,0.4131373417932502,40,0
MGNT,100,7,2,29,pred_persist,6.059988949378709e-05,1.0,40,0
MGNT,100,7,2,29,pred_accel,9.484891129770437e-06,0.15651664069029136,40,0
MGNT,100,7,2,29,pred_nocascade,1.2687143833628356e-05,0.2093591909095657,40,0
MGNT,100,7,2,29,pred_cascade,1.2910898424350125e-05,0.21305151762155927,40,0
MGNT,100,7,4,29,pred_persist,6.059988949378709e-05,1.0,40,0
MGNT,100,7,4,29,pred_accel,9.484891129770437e-06,0.15651664069029136,40,0
MGNT,100,7,4,29,pred_nocascade,1.2687143833628356e-05,0.2093591909095657,40,0
MGNT,100,7,4,29,pred_cascade,1.5120640453299399e-05,0.2495159740324216,40,0
MGNT,100,9,2,35,pred_persist,6.059988949378709e-05,1.0,40,0
MGNT,100,9,2,35,pred_accel,9.484891129770437e-06,0.15651664069029136,40,0
MGNT,100,9,2,35,pred_nocascade,1.285139358838681e-05,0.21206958784478278,40,0
MGNT,100,9,2,35,pred_cascade,1.2636178585979395e-05,0.208518178688674,40,0
MGNT,100,9,4,35,pred_persist,6.059988949378709e-05,1.0,40,0
MGNT,100,9,4,35,pred_accel,9.484891129770437e-06,0.15651664069029136,40,0
MGNT,100,9,4,35,pred_nocascade,1.285139358838681e-05,0.21206958784478278,40,0
MGNT,100,9,4,35,pred_cascade,1.0684180508591526e-05,0.17630693055450053,40,0
MGNT,100,13,2,47,pred_persist,6.059988949378709e-05,1.0,40,0
MGNT,100,13,2,47,pred_accel,9.484891129770437e-06,0.15651664069029136,40,0
MGNT,100,13,2,47,pred_nocascade,1.1957353197230825e-05,0.19731641917361473,40,0
MGNT,100,13,2,47,pred_cascade,1.1203720275179831e-05,0.18488020966322843,40,0
MGNT,100,13,4,47,pred_persist,6.059988949378709e-05,1.0,40,0
MGNT,100,13,4,47,pred_accel,9.484891129770437e-06,0.15651664069029136,40,0
MGNT,100,13,4,47,pred_nocascade,1.1957353197230825e-05,0.19731641917361473,40,0
MGNT,100,13,4,47,pred_cascade,1.1832854704175437e-05,0.19526198484881035,40,0
MRKP,30,7,2,29,pred_persist,0.00024242334962467867,1.0,40,0
MRKP,30,7,2,29,pred_accel,8.012033578268029e-05,0.33049760225953106,40,0
MRKP,30,7,2,29,pred_nocascade,0.00011695922822933004,0.4824585932436254,40,0
MRKP,30,7,2,29,pred_cascade,0.000121549509758945,0.5013935742870013,40,0
MRKP,30,7,4,29,pred_persist,0.00024242334962467867,1.0,40,0
MRKP,30,7,4,29,pred_accel,8.012033578268029e-05,0.33049760225953106,40,0
MRKP,30,7,4,29,pred_nocascade,0.00011695922822933004,0.4824585932436254,40,0
MRKP,30,7,4,29,pred_cascade,0.00010958213646913484,0.4520279776630039,40,0
MRKP,30,9,2,35,pred_persist,0.00024242334962467867,1.0,40,0
MRKP,30,9,2,35,pred_accel,8.012033578268029e-05,0.33049760225953106,40,0
MRKP,30,9,2,35,pred_nocascade,0.00010886301102685028,0.4490615742889151,40,0
MRKP,30,9,2,35,pred_cascade,0.0001079618670933237,0.44534434187330113,40,0
MRKP,30,9,4,35,pred_persist,0.00024242334962467867,1.0,40,0
MRKP,30,9,4,35,pred_accel,8.012033578268029e-05,0.33049760225953106,40,0
MRKP,30,9,4,35,pred_nocascade,0.00010886301102685028,0.4490615742889151,40,0
MRKP,30,9,4,35,pred_cascade,0.00011728619282630362,0.4838073271732563,40,0
MRKP,30,13,2,47,pred_persist,0.00024242334962467867,1.0,40,0
MRKP,30,13,2,47,pred_accel,8.012033578268029e-05,0.33049760225953106,40,0
MRKP,30,13,2,47,pred_nocascade,0.00011834932516389955,0.4881927642165192,40,0
MRKP,30,13,2,47,pred_cascade,0.00013101157331458854,0.5404247301979016,40,0
MRKP,30,13,4,47,pred_persist,0.00024242334962467867,1.0,40,0
MRKP,30,13,4,47,pred_accel,8.012033578268029e-05,0.33049760225953106,40,0
MRKP,30,13,4,47,pred_nocascade,0.00011834932516389955,0.4881927642165192,40,0
MRKP,30,13,4,47,pred_cascade,0.00013650890860499298,0.5631013217841305,40,0
MRKP,50,7,2,29,pred_persist,0.00011338178780599807,1.0,40,0
MRKP,50,7,2,29,pred_accel,2.8027567167283788e-05,0.24719637703402916,40,0
MRKP,50,7,2,29,pred_nocascade,2.9565379466695475e-05,0.2607595103129201,40,0
MRKP,50,7,2,29,pred_cascade,3.267068974793532e-05,0.28814759742399293,40,0
MRKP,50,7,4,29,pred_persist,0.00011338178780599807,1.0,40,0
MRKP,50,7,4,29,pred_accel,2.8027567167283788e-05,0.24719637703402916,40,0
MRKP,50,7,4,29,pred_nocascade,2.9565379466695475e-05,0.2607595103129201,40,0
MRKP,50,7,4,29,pred_cascade,4.288778654789198e-05,0.37825992496497884,40,0
MRKP,50,9,2,35,pred_persist,0.00011338178780599807,1.0,40,0
MRKP,50,9,2,35,pred_accel,2.8027567167283788e-05,0.24719637703402916,40,0
MRKP,50,9,2,35,pred_nocascade,3.10355002358319e-05,0.2737256206343756,40,0
MRKP,50,9,2,35,pred_cascade,3.7014667361811085e-05,0.32646043141553777,40,0
MRKP,50,9,4,35,pred_persist,0.00011338178780599807,1.0,40,0
MRKP,50,9,4,35,pred_accel,2.8027567167283788e-05,0.24719637703402916,40,0
MRKP,50,9,4,35,pred_nocascade,3.10355002358319e-05,0.2737256206343756,40,0
MRKP,50,9,4,35,pred_cascade,3.939584454691003e-05,0.3474618394121488,40,0
MRKP,50,13,2,47,pred_persist,0.00011338178780599807,1.0,40,0
MRKP,50,13,2,47,pred_accel,2.8027567167283788e-05,0.24719637703402916,40,0
MRKP,50,13,2,47,pred_nocascade,4.085639470739019e-05,0.3603435392754393,40,0
MRKP,50,13,2,47,pred_cascade,3.8504714481551596e-05,0.3396022873394367,40,0
MRKP,50,13,4,47,pred_persist,0.00011338178780599807,1.0,40,0
MRKP,50,13,4,47,pred_accel,2.8027567167283788e-05,0.24719637703402916,40,0
MRKP,50,13,4,47,pred_nocascade,4.085639470739019e-05,0.3603435392754393,40,0
MRKP,50,13,4,47,pred_cascade,4.555114514234506e-05,0.4017501048782663,40,0
MRKP,100,7,2,29,pred_persist,5.509759799716223e-05,1.0,40,0
MRKP,100,7,2,29,pred_accel,8.843591495390772e-06,0.1605077501898768,40,0
MRKP,100,7,2,29,pred_nocascade,9.594411229389137e-06,0.17413483669257762,40,0
MRKP,100,7,2,29,pred_cascade,1.1187479361802026e-05,0.20304840444003078,40,0
MRKP,100,7,4,29,pred_persist,5.509759799716223e-05,1.0,40,0
MRKP,100,7,4,29,pred_accel,8.843591495390772e-06,0.1605077501898768,40,0
MRKP,100,7,4,29,pred_nocascade,9.594411229389137e-06,0.17413483669257762,40,0
MRKP,100,7,4,29,pred_cascade,1.270120979117546e-05,0.23052202369746916,40,0
MRKP,100,9,2,35,pred_persist,5.509759799716223e-05,1.0,40,0
MRKP,100,9,2,35,pred_accel,8.843591495390772e-06,0.1605077501898768,40,0
MRKP,100,9,2,35,pred_nocascade,1.066187394048346e-05,0.19350887022393595,40,0
MRKP,100,9,2,35,pred_cascade,1.2369099731753647e-05,0.22449435513306243,40,0
MRKP,100,9,4,35,pred_persist,5.509759799716223e-05,1.0,40,0
MRKP,100,9,4,35,pred_accel,8.843591495390772e-06,0.1605077501898768,40,0
MRKP,100,9,4,35,pred_nocascade,1.066187394048346e-05,0.19350887022393595,40,0
MRKP,100,9,4,35,pred_cascade,1.1888468453433083e-05,0.21577108414137022,40,0
MRKP,100,13,2,47,pred_persist,5.509759799716223e-05,1.0,40,0
MRKP,100,13,2,47,pred_accel,8.843591495390772e-06,0.1605077501898768,40,0
MRKP,100,13,2,47,pred_nocascade,1.2298560967592073e-05,0.22321410396557584,40,0
MRKP,100,13,2,47,pred_cascade,1.3913386998140826e-05,0.2525225691119498,40,0
MRKP,100,13,4,47,pred_persist,5.509759799716223e-05,1.0,40,0
MRKP,100,13,4,47,pred_accel,8.843591495390772e-06,0.1605077501898768,40,0
MRKP,100,13,4,47,pred_nocascade,1.2298560967592073e-05,0.22321410396557584,40,0
MRKP,100,13,4,47,pred_cascade,1.3015651230120963e-05,0.23622901366392282,40,0
NLMK,30,7,2,29,pred_persist,0.0001958149738419887,1.0,40,0
NLMK,30,7,2,29,pred_accel,8.907328420311809e-05,0.45488494804792123,40,0
NLMK,30,7,2,29,pred_nocascade,0.00011725203970554116,0.5987899566871568,40,0
NLMK,30,7,2,29,pred_cascade,0.00011215753466861815,0.5727730237786757,40,0
NLMK,30,7,4,29,pred_persist,0.0001958149738419887,1.0,40,0
NLMK,30,7,4,29,pred_accel,8.907328420311809e-05,0.45488494804792123,40,0
NLMK,30,7,4,29,pred_nocascade,0.00011725203970554116,0.5987899566871568,40,0
NLMK,30,7,4,29,pred_cascade,0.00012957245208773265,0.6617085994265692,40,0
NLMK,30,9,2,35,pred_persist,0.0001958149738419887,1.0,40,0
NLMK,30,9,2,35,pred_accel,8.907328420311809e-05,0.45488494804792123,40,0
NLMK,30,9,2,35,pred_nocascade,0.0001175424298089324,0.6002729387987575,40,0
NLMK,30,9,2,35,pred_cascade,0.00010552388219326356,0.5388958776891863,40,0
NLMK,30,9,4,35,pred_persist,0.0001958149738419887,1.0,40,0
NLMK,30,9,4,35,pred_accel,8.907328420311809e-05,0.45488494804792123,40,0
NLMK,30,9,4,35,pred_nocascade,0.0001175424298089324,0.6002729387987575,40,0
NLMK,30,9,4,35,pred_cascade,0.0001003860689506483,0.5126577757615923,40,0
NLMK,30,13,2,47,pred_persist,0.0001958149738419887,1.0,40,0
NLMK,30,13,2,47,pred_accel,8.907328420311809e-05,0.45488494804792123,40,0
NLMK,30,13,2,47,pred_nocascade,0.0001003024479243172,0.5122307347407223,40,0
NLMK,30,13,2,47,pred_cascade,0.00012146791525944346,0.6203198502963364,40,0
NLMK,30,13,4,47,pred_persist,0.0001958149738419887,1.0,40,0
NLMK,30,13,4,47,pred_accel,8.907328420311809e-05,0.45488494804792123,40,0
NLMK,30,13,4,47,pred_nocascade,0.0001003024479243172,0.5122307347407223,40,0
NLMK,30,13,4,47,pred_cascade,0.00010347764094430136,0.5284460065234939,40,0
NLMK,50,7,2,29,pred_persist,9.367750705761213e-05,1.0,40,0
NLMK,50,7,2,29,pred_accel,3.2752581694482595e-05,0.3496312265690375,40,0
NLMK,50,7,2,29,pred_nocascade,3.819929190148903e-05,0.40777442847615786,40,0
NLMK,50,7,2,29,pred_cascade,3.912389951012333e-05,0.4176445417795111,40,0
NLMK,50,7,4,29,pred_persist,9.367750705761213e-05,1.0,40,0
NLMK,50,7,4,29,pred_accel,3.2752581694482595e-05,0.3496312265690375,40,0
NLMK,50,7,4,29,pred_nocascade,3.819929190148903e-05,0.40777442847615786,40,0
NLMK,50,7,4,29,pred_cascade,4.66321047799658e-05,0.49779404090340307,40,0
NLMK,50,9,2,35,pred_persist,9.367750705761213e-05,1.0,40,0
NLMK,50,9,2,35,pred_accel,3.2752581694482595e-05,0.3496312265690375,40,0
NLMK,50,9,2,35,pred_nocascade,4.246806269532139e-05,0.45334322004537675,40,0
NLMK,50,9,2,35,pred_cascade,3.634623111538896e-05,0.3879931507254548,40,0
NLMK,50,9,4,35,pred_persist,9.367750705761213e-05,1.0,40,0
NLMK,50,9,4,35,pred_accel,3.2752581694482595e-05,0.3496312265690375,40,0
NLMK,50,9,4,35,pred_nocascade,4.246806269532139e-05,0.45334322004537675,40,0
NLMK,50,9,4,35,pred_cascade,4.705559515420937e-05,0.5023147672500502,40,0
NLMK,50,13,2,47,pred_persist,9.367750705761213e-05,1.0,40,0
NLMK,50,13,2,47,pred_accel,3.2752581694482595e-05,0.3496312265690375,40,0
NLMK,50,13,2,47,pred_nocascade,4.888716323193001e-05,0.5218666120338168,40,0
NLMK,50,13,2,47,pred_cascade,4.657684466616202e-05,0.497204143546615,40,0
NLMK,50,13,4,47,pred_persist,9.367750705761213e-05,1.0,40,0
NLMK,50,13,4,47,pred_accel,3.2752581694482595e-05,0.3496312265690375,40,0
NLMK,50,13,4,47,pred_nocascade,4.888716323193001e-05,0.5218666120338168,40,0
NLMK,50,13,4,47,pred_cascade,4.520397464130297e-05,0.482548864302103,40,0
NLMK,100,7,2,29,pred_persist,5.373973330350672e-05,1.0,40,0
NLMK,100,7,2,29,pred_accel,1.0683578431854726e-05,0.19880222277094148,40,0
NLMK,100,7,2,29,pred_nocascade,1.353812149345149e-05,0.25192014662581286,40,0
NLMK,100,7,2,29,pred_cascade,1.3274559147201656e-05,0.247015724328789,40,0
NLMK,100,7,4,29,pred_persist,5.373973330350672e-05,1.0,40,0
NLMK,100,7,4,29,pred_accel,1.0683578431854726e-05,0.19880222277094148,40,0
NLMK,100,7,4,29,pred_nocascade,1.353812149345149e-05,0.25192014662581286,40,0
NLMK,100,7,4,29,pred_cascade,1.452862263666335e-05,0.2703515954314441,40,0
NLMK,100,9,2,35,pred_persist,5.373973330350672e-05,1.0,40,0
NLMK,100,9,2,35,pred_accel,1.0683578431854726e-05,0.19880222277094148,40,0
NLMK,100,9,2,35,pred_nocascade,1.276865063061521e-05,0.2376016746957322,40,0
NLMK,100,9,2,35,pred_cascade,1.3567053216659013e-05,0.2524585140762824,40,0
NLMK,100,9,4,35,pred_persist,5.373973330350672e-05,1.0,40,0
NLMK,100,9,4,35,pred_accel,1.0683578431854726e-05,0.19880222277094148,40,0
NLMK,100,9,4,35,pred_nocascade,1.276865063061521e-05,0.2376016746957322,40,0
NLMK,100,9,4,35,pred_cascade,1.3951798606659746e-05,0.2596179353526739,40,0
NLMK,100,13,2,47,pred_persist,5.373973330350672e-05,1.0,40,0
NLMK,100,13,2,47,pred_accel,1.0683578431854726e-05,0.19880222277094148,40,0
NLMK,100,13,2,47,pred_nocascade,1.3336281907030935e-05,0.24816427412676967,40,0
NLMK,100,13,2,47,pred_cascade,1.2358300625099888e-05,0.22996579747249069,40,0
NLMK,100,13,4,47,pred_persist,5.373973330350672e-05,1.0,40,0
NLMK,100,13,4,47,pred_accel,1.0683578431854726e-05,0.19880222277094148,40,0
NLMK,100,13,4,47,pred_nocascade,1.3336281907030935e-05,0.24816427412676967,40,0
NLMK,100,13,4,47,pred_cascade,1.4401088896881098e-05,0.26797842139535466,40,0
NVTK,30,7,2,29,pred_persist,0.00027739979117281027,1.0,40,0
NVTK,30,7,2,29,pred_accel,0.00011924302777062247,0.4298598325055633,40,0
NVTK,30,7,2,29,pred_nocascade,0.00014256378211755072,0.5139289453492721,40,0
NVTK,30,7,2,29,pred_cascade,0.00013905224153203062,0.5012701737955022,40,0
NVTK,30,7,4,29,pred_persist,0.00027739979117281027,1.0,40,0
NVTK,30,7,4,29,pred_accel,0.00011924302777062247,0.4298598325055633,40,0
NVTK,30,7,4,29,pred_nocascade,0.00014256378211755072,0.5139289453492721,40,0
NVTK,30,7,4,29,pred_cascade,0.0001391661689677817,0.5016808714217311,40,0
NVTK,30,9,2,35,pred_persist,0.00027739979117281027,1.0,40,0
NVTK,30,9,2,35,pred_accel,0.00011924302777062247,0.4298598325055633,40,0
NVTK,30,9,2,35,pred_nocascade,0.00011550800703291168,0.41639543614852353,40,0
NVTK,30,9,2,35,pred_cascade,0.0001277324635776254,0.4604634453313362,40,0
NVTK,30,9,4,35,pred_persist,0.00027739979117281027,1.0,40,0
NVTK,30,9,4,35,pred_accel,0.00011924302777062247,0.4298598325055633,40,0
NVTK,30,9,4,35,pred_nocascade,0.00011550800703291168,0.41639543614852353,40,0
NVTK,30,9,4,35,pred_cascade,0.00014529595577821526,0.5237781728815398,40,0
NVTK,30,13,2,47,pred_persist,0.00027739979117281027,1.0,40,0
NVTK,30,13,2,47,pred_accel,0.00011924302777062247,0.4298598325055633,40,0
NVTK,30,13,2,47,pred_nocascade,0.00012965719260495863,0.46740191135971976,40,0
NVTK,30,13,2,47,pred_cascade,0.00011328208136277447,0.40837118472163425,40,0
NVTK,30,13,4,47,pred_persist,0.00027739979117281027,1.0,40,0
NVTK,30,13,4,47,pred_accel,0.00011924302777062247,0.4298598325055633,40,0
NVTK,30,13,4,47,pred_nocascade,0.00012965719260495863,0.46740191135971976,40,0
NVTK,30,13,4,47,pred_cascade,0.0001313678204309063,0.4735685628150628,40,0
NVTK,50,7,2,29,pred_persist,0.00014312492035846157,1.0,40,0
NVTK,50,7,2,29,pred_accel,3.724451266498602e-05,0.2602238140758841,40,0
NVTK,50,7,2,29,pred_nocascade,5.588992599688966e-05,0.3904975168329268,40,0
NVTK,50,7,2,29,pred_cascade,5.387128062087319e-05,0.37639343648856266,40,0
NVTK,50,7,4,29,pred_persist,0.00014312492035846157,1.0,40,0
NVTK,50,7,4,29,pred_accel,3.724451266498602e-05,0.2602238140758841,40,0
NVTK,50,7,4,29,pred_nocascade,5.588992599688966e-05,0.3904975168329268,40,0
NVTK,50,7,4,29,pred_cascade,5.334401128644305e-05,0.37270945655614013,40,0
NVTK,50,9,2,35,pred_persist,0.00014312492035846157,1.0,40,0
NVTK,50,9,2,35,pred_accel,3.724451266498602e-05,0.2602238140758841,40,0
NVTK,50,9,2,35,pred_nocascade,5.352904243353324e-05,0.37400225131631726,40,0
NVTK,50,9,2,35,pred_cascade,4.985584154746942e-05,0.3483379513686621,40,0
NVTK,50,9,4,35,pred_persist,0.00014312492035846157,1.0,40,0
NVTK,50,9,4,35,pred_accel,3.724451266498602e-05,0.2602238140758841,40,0
NVTK,50,9,4,35,pred_nocascade,5.352904243353324e-05,0.37400225131631726,40,0
NVTK,50,9,4,35,pred_cascade,5.3422652666085346e-05,0.37325891628296715,40,0
NVTK,50,13,2,47,pred_persist,0.00014312492035846157,1.0,40,0
NVTK,50,13,2,47,pred_accel,3.724451266498602e-05,0.2602238140758841,40,0
NVTK,50,13,2,47,pred_nocascade,4.664832783128537e-05,0.3259273627154023,40,0
NVTK,50,13,2,47,pred_cascade,5.056709836536331e-05,0.3533074340842683,40,0
NVTK,50,13,4,47,pred_persist,0.00014312492035846157,1.0,40,0
NVTK,50,13,4,47,pred_accel,3.724451266498602e-05,0.2602238140758841,40,0
NVTK,50,13,4,47,pred_nocascade,4.664832783128537e-05,0.3259273627154023,40,0
NVTK,50,13,4,47,pred_cascade,5.2534580465015256e-05,0.3670540415564284,40,0
NVTK,100,7,2,29,pred_persist,5.491685202433271e-05,1.0,40,0
NVTK,100,7,2,29,pred_accel,1.2341879822647432e-05,0.22473756902851894,40,0
NVTK,100,7,2,29,pred_nocascade,1.3785162656298555e-05,0.25101880658036607,40,0
NVTK,100,7,2,29,pred_cascade,1.6287568505851253e-05,0.29658598236174416,40,0
NVTK,100,7,4,29,pred_persist,5.491685202433271e-05,1.0,40,0
NVTK,100,7,4,29,pred_accel,1.2341879822647432e-05,0.22473756902851894,40,0
NVTK,100,7,4,29,pred_nocascade,1.3785162656298555e-05,0.25101880658036607,40,0
NVTK,100,7,4,29,pred_cascade,1.5859459593099592e-05,0.28879039872992973,40,0
NVTK,100,9,2,35,pred_persist,5.491685202433271e-05,1.0,40,0
NVTK,100,9,2,35,pred_accel,1.2341879822647432e-05,0.22473756902851894,40,0
NVTK,100,9,2,35,pred_nocascade,1.2178659608807044e-05,0.2217654355608528,40,0
NVTK,100,9,2,35,pred_cascade,1.475749553031492e-05,0.26872435302329656,40,0
NVTK,100,9,4,35,pred_persist,5.491685202433271e-05,1.0,40,0
NVTK,100,9,4,35,pred_accel,1.2341879822647432e-05,0.22473756902851894,40,0
NVTK,100,9,4,35,pred_nocascade,1.2178659608807044e-05,0.2217654355608528,40,0
NVTK,100,9,4,35,pred_cascade,1.7868299212905316e-05,0.3253700558981091,40,0
NVTK,100,13,2,47,pred_persist,5.491685202433271e-05,1.0,40,0
NVTK,100,13,2,47,pred_accel,1.2341879822647432e-05,0.22473756902851894,40,0
NVTK,100,13,2,47,pred_nocascade,1.4614213850962764e-05,0.266115287243476,40,0
NVTK,100,13,2,47,pred_cascade,1.6307402125486838e-05,0.2969471396186604,40,0
NVTK,100,13,4,47,pred_persist,5.491685202433271e-05,1.0,40,0
NVTK,100,13,4,47,pred_accel,1.2341879822647432e-05,0.22473756902851894,40,0
NVTK,100,13,4,47,pred_nocascade,1.4614213850962764e-05,0.266115287243476,40,0
NVTK,100,13,4,47,pred_cascade,1.705789030863548e-05,0.3106130391646889,40,0
SBER,30,7,2,29,pred_persist,8.232939232182846e-05,1.0,40,0
SBER,30,7,2,29,pred_accel,4.734334477759797e-05,0.5750479074657953,40,0
SBER,30,7,2,29,pred_nocascade,5.572230791679668e-05,0.6768215620853394,40,0
SBER,30,7,2,29,pred_cascade,5.95645919624587e-05,0.7234912135585629,40,0
SBER,30,7,4,29,pred_persist,8.232939232182846e-05,1.0,40,0
SBER,30,7,4,29,pred_accel,4.734334477759797e-05,0.5750479074657953,40,0
SBER,30,7,4,29,pred_nocascade,5.572230791679668e-05,0.6768215620853394,40,0
SBER,30,7,4,29,pred_cascade,5.4886763021398576e-05,0.666672757729637,40,0
SBER,30,9,2,35,pred_persist,8.232939232182846e-05,1.0,40,0
SBER,30,9,2,35,pred_accel,4.734334477759797e-05,0.5750479074657953,40,0
SBER,30,9,2,35,pred_nocascade,4.709205349070273e-05,0.5719956404708814,40,0
SBER,30,9,2,35,pred_cascade,5.801565144022672e-05,0.704677270220112,40,0
SBER,30,9,4,35,pred_persist,8.232939232182846e-05,1.0,40,0
SBER,30,9,4,35,pred_accel,4.734334477759797e-05,0.5750479074657953,40,0
SBER,30,9,4,35,pred_nocascade,4.709205349070273e-05,0.5719956404708814,40,0
SBER,30,9,4,35,pred_cascade,5.4900794886350256e-05,0.6668431933973367,40,0
SBER,30,13,2,47,pred_persist,8.232939232182846e-05,1.0,40,0
SBER,30,13,2,47,pred_accel,4.734334477759797e-05,0.5750479074657953,40,0
SBER,30,13,2,47,pred_nocascade,5.056498282622218e-05,0.6141789876033811,40,0
SBER,30,13,2,47,pred_cascade,5.775339332803315e-05,0.7014917965417882,40,0
SBER,30,13,4,47,pred_persist,8.232939232182846e-05,1.0,40,0
SBER,30,13,4,47,pred_accel,4.734334477759797e-05,0.5750479074657953,40,0
SBER,30,13,4,47,pred_nocascade,5.056498282622218e-05,0.6141789876033811,40,0
SBER,30,13,4,47,pred_cascade,6.034861293819356e-05,0.7330141913630157,40,0
SBER,50,7,2,29,pred_persist,4.7028503322689866e-05,1.0,40,0
SBER,50,7,2,29,pred_accel,1.809267515736706e-05,0.38471722209024406,40,0
SBER,50,7,2,29,pred_nocascade,2.2664014596814536e-05,0.48192081387969277,40,0
SBER,50,7,2,29,pred_cascade,2.8888530004767456e-05,0.614277043999178,40,0
SBER,50,7,4,29,pred_persist,4.7028503322689866e-05,1.0,40,0
SBER,50,7,4,29,pred_accel,1.809267515736706e-05,0.38471722209024406,40,0
SBER,50,7,4,29,pred_nocascade,2.2664014596814536e-05,0.48192081387969277,40,0
SBER,50,7,4,29,pred_cascade,2.5464227353736042e-05,0.5414636987065311,40,0
SBER,50,9,2,35,pred_persist,4.7028503322689866e-05,1.0,40,0
SBER,50,9,2,35,pred_accel,1.809267515736706e-05,0.38471722209024406,40,0
SBER,50,9,2,35,pred_nocascade,2.041265224975086e-05,0.4340485196751383,40,0
SBER,50,9,2,35,pred_cascade,2.676192869817876e-05,0.5690576311678394,40,0
SBER,50,9,4,35,pred_persist,4.7028503322689866e-05,1.0,40,0
SBER,50,9,4,35,pred_accel,1.809267515736706e-05,0.38471722209024406,40,0
SBER,50,9,4,35,pred_nocascade,2.041265224975086e-05,0.4340485196751383,40,0
SBER,50,9,4,35,pred_cascade,2.8589646151617716e-05,0.6079216673226353,40,0
SBER,50,13,2,47,pred_persist,4.7028503322689866e-05,1.0,40,0
SBER,50,13,2,47,pred_accel,1.809267515736706e-05,0.38471722209024406,40,0
SBER,50,13,2,47,pred_nocascade,2.7530446943390286e-05,0.5853991728056473,40,0
SBER,50,13,2,47,pred_cascade,2.8192456121622115e-05,0.5994759375644448,40,0
SBER,50,13,4,47,pred_persist,4.7028503322689866e-05,1.0,40,0
SBER,50,13,4,47,pred_accel,1.809267515736706e-05,0.38471722209024406,40,0
SBER,50,13,4,47,pred_nocascade,2.7530446943390286e-05,0.5853991728056473,40,0
SBER,50,13,4,47,pred_cascade,2.7295842429411645e-05,0.5804106127324321,40,0
SBER,100,7,2,29,pred_persist,1.6874421316621217e-05,1.0,40,0
SBER,100,7,2,29,pred_accel,4.605382128421379e-06,0.27292089263441,40,0
SBER,100,7,2,29,pred_nocascade,5.362351031947612e-06,0.31777984745857474,40,0
SBER,100,7,2,29,pred_cascade,5.1840340044542815e-06,0.30721255011856524,40,0
SBER,100,7,4,29,pred_persist,1.6874421316621217e-05,1.0,40,0
SBER,100,7,4,29,pred_accel,4.605382128421379e-06,0.27292089263441,40,0
SBER,100,7,4,29,pred_nocascade,5.362351031947612e-06,0.31777984745857474,40,0
SBER,100,7,4,29,pred_cascade,5.791070156454136e-06,0.34318629645390936,40,0
SBER,100,9,2,35,pred_persist,1.6874421316621217e-05,1.0,40,0
SBER,100,9,2,35,pred_accel,4.605382128421379e-06,0.27292089263441,40,0
SBER,100,9,2,35,pred_nocascade,5.102289711525525e-06,0.30236827774945957,40,0
SBER,100,9,2,35,pred_cascade,5.205976143059281e-06,0.3085128695898698,40,0
SBER,100,9,4,35,pred_persist,1.6874421316621217e-05,1.0,40,0
SBER,100,9,4,35,pred_accel,4.605382128421379e-06,0.27292089263441,40,0
SBER,100,9,4,35,pred_nocascade,5.102289711525525e-06,0.30236827774945957,40,0
SBER,100,9,4,35,pred_cascade,5.102812216836096e-06,0.3023992420889629,40,0
SBER,100,13,2,47,pred_persist,1.6874421316621217e-05,1.0,40,0
SBER,100,13,2,47,pred_accel,4.605382128421379e-06,0.27292089263441,40,0
SBER,100,13,2,47,pred_nocascade,6.063977156151026e-06,0.35935911770663453,40,0
SBER,100,13,2,47,pred_cascade,5.319216869508597e-06,0.3152236612860434,40,0
SBER,100,13,4,47,pred_persist,1.6874421316621217e-05,1.0,40,0
SBER,100,13,4,47,pred_accel,4.605382128421379e-06,0.27292089263441,40,0
SBER,100,13,4,47,pred_nocascade,6.063977156151026e-06,0.35935911770663453,40,0
SBER,100,13,4,47,pred_cascade,5.7087584019697744e-06,0.33830839558015996,40,0
VTBR,30,7,2,29,pred_persist,0.00022860758221240185,1.0,40,0
VTBR,30,7,2,29,pred_accel,8.826892089260858e-05,0.386115456182013,40,0
VTBR,30,7,2,29,pred_nocascade,0.00012478281860340396,0.545838494925627,40,0
VTBR,30,7,2,29,pred_cascade,0.00011761506745999108,0.5144845429961007,40,0
VTBR,30,7,4,29,pred_persist,0.00022860758221240185,1.0,40,0
VTBR,30,7,4,29,pred_accel,8.826892089260858e-05,0.386115456182013,40,0
VTBR,30,7,4,29,pred_nocascade,0.00012478281860340396,0.545838494925627,40,0
VTBR,30,7,4,29,pred_cascade,0.00012595702536238336,0.5509748370697315,40,0
VTBR,30,9,2,35,pred_persist,0.00022860758221240185,1.0,40,0
VTBR,30,9,2,35,pred_accel,8.826892089260858e-05,0.386115456182013,40,0
VTBR,30,9,2,35,pred_nocascade,0.00011887999896367506,0.5200177431263951,40,0
VTBR,30,9,2,35,pred_cascade,0.00011411754603421194,0.49918530667186733,40,0
VTBR,30,9,4,35,pred_persist,0.00022860758221240185,1.0,40,0
VTBR,30,9,4,35,pred_accel,8.826892089260858e-05,0.386115456182013,40,0
VTBR,30,9,4,35,pred_nocascade,0.00011887999896367506,0.5200177431263951,40,0
VTBR,30,9,4,35,pred_cascade,9.964542875553857e-05,0.4358798067465535,40,0
VTBR,30,13,2,47,pred_persist,0.00022860758221240185,1.0,40,0
VTBR,30,13,2,47,pred_accel,8.826892089260858e-05,0.386115456182013,40,0
VTBR,30,13,2,47,pred_nocascade,0.00010558347674357061,0.46185465819533417,40,0
VTBR,30,13,2,47,pred_cascade,0.00010776268464624062,0.4713871849889787,40,0
VTBR,30,13,4,47,pred_persist,0.00022860758221240185,1.0,40,0
VTBR,30,13,4,47,pred_accel,8.826892089260858e-05,0.386115456182013,40,0
VTBR,30,13,4,47,pred_nocascade,0.00010558347674357061,0.46185465819533417,40,0
VTBR,30,13,4,47,pred_cascade,0.00011065456772441319,0.4840371725798788,40,0
VTBR,50,7,2,29,pred_persist,0.00013709064510582453,1.0,40,0
VTBR,50,7,2,29,pred_accel,3.3670489346705844e-05,0.2456074907278651,40,0
VTBR,50,7,2,29,pred_nocascade,4.2419651920270434e-05,0.30942776502018343,40,0
VTBR,50,7,2,29,pred_cascade,4.112981486172683e-05,0.3000191211440974,40,0
VTBR,50,7,4,29,pred_persist,0.00013709064510582453,1.0,40,0
VTBR,50,7,4,29,pred_accel,3.3670489346705844e-05,0.2456074907278651,40,0
VTBR,50,7,4,29,pred_nocascade,4.2419651920270434e-05,0.30942776502018343,40,0
VTBR,50,7,4,29,pred_cascade,4.626806840469276e-05,0.3374998226099017,40,0
VTBR,50,9,2,35,pred_persist,0.00013709064510582453,1.0,40,0
VTBR,50,9,2,35,pred_accel,3.3670489346705844e-05,0.2456074907278651,40,0
VTBR,50,9,2,35,pred_nocascade,4.442093316069866e-05,0.32402599846553176,40,0
VTBR,50,9,2,35,pred_cascade,4.341912868593938e-05,0.3167183920713394,40,0
VTBR,50,9,4,35,pred_persist,0.00013709064510582453,1.0,40,0
VTBR,50,9,4,35,pred_accel,3.3670489346705844e-05,0.2456074907278651,40,0
VTBR,50,9,4,35,pred_nocascade,4.442093316069866e-05,0.32402599846553176,40,0
VTBR,50,9,4,35,pred_cascade,4.746078703502748e-05,0.3462000415738873,40,0
VTBR,50,13,2,47,pred_persist,0.00013709064510582453,1.0,40,0
VTBR,50,13,2,47,pred_accel,3.3670489346705844e-05,0.2456074907278651,40,0
VTBR,50,13,2,47,pred_nocascade,4.8631613865617845e-05,0.3547405720359518,40,0
VTBR,50,13,2,47,pred_cascade,4.552352864391871e-05,0.33206881920190606,40,0
VTBR,50,13,4,47,pred_persist,0.00013709064510582453,1.0,40,0
VTBR,50,13,4,47,pred_accel,3.3670489346705844e-05,0.2456074907278651,40,0
VTBR,50,13,4,47,pred_nocascade,4.8631613865617845e-05,0.3547405720359518,40,0
VTBR,50,13,4,47,pred_cascade,4.4006198858614185e-05,0.3210007424258922,40,0
VTBR,100,7,2,29,pred_persist,4.4139525555090955e-05,1.0,40,0
VTBR,100,7,2,29,pred_accel,8.20342772613877e-06,0.18585219535040073,40,0
VTBR,100,7,2,29,pred_nocascade,1.1322445735727595e-05,0.2565148943795498,40,0
VTBR,100,7,2,29,pred_cascade,1.3368114761268578e-05,0.30286040896800553,40,0
VTBR,100,7,4,29,pred_persist,4.4139525555090955e-05,1.0,40,0
VTBR,100,7,4,29,pred_accel,8.20342772613877e-06,0.18585219535040073,40,0
VTBR,100,7,4,29,pred_nocascade,1.1322445735727595e-05,0.2565148943795498,40,0
VTBR,100,7,4,29,pred_cascade,1.285090566352414e-05,0.29114281365541195,40,0
VTBR,100,9,2,35,pred_persist,4.4139525555090955e-05,1.0,40,0
VTBR,100,9,2,35,pred_accel,8.20342772613877e-06,0.18585219535040073,40,0
VTBR,100,9,2,35,pred_nocascade,1.1889172636446507e-05,0.26935433688809185,40,0
VTBR,100,9,2,35,pred_cascade,1.0848399816389816e-05,0.24577517950096284,40,0
VTBR,100,9,4,35,pred_persist,4.4139525555090955e-05,1.0,40,0
VTBR,100,9,4,35,pred_accel,8.20342772613877e-06,0.18585219535040073,40,0
VTBR,100,9,4,35,pred_nocascade,1.1889172636446507e-05,0.26935433688809185,40,0
VTBR,100,9,4,35,pred_cascade,1.1958917310429845e-05,0.27093443257571515,40,0
VTBR,100,13,2,47,pred_persist,4.4139525555090955e-05,1.0,40,0
VTBR,100,13,2,47,pred_accel,8.20342772613877e-06,0.18585219535040073,40,0
VTBR,100,13,2,47,pred_nocascade,1.0700250971369286e-05,0.2424188034829283,40,0
VTBR,100,13,2,47,pred_cascade,1.1140335437355303e-05,0.2523891069796603,40,0
VTBR,100,13,4,47,pred_persist,4.4139525555090955e-05,1.0,40,0
VTBR,100,13,4,47,pred_accel,8.20342772613877e-06,0.18585219535040073,40,0
VTBR,100,13,4,47,pred_nocascade,1.0700250971369286e-05,0.2424188034829283,40,0
VTBR,100,13,4,47,pred_cascade,1.4469754136999886e-05,0.32781852444109416,40,0
