origin,time,true,pred_persist,pred_accel,pred_nocascade,pred_cascade,err_pred_persist,err_pred_accel,err_pred_nocascade,err_pred_cascade
4664,2025-12-04,0.0011289216757348391,0.0011523385374826946,0.0011269900872321779,0.0011374792488896923,0.0011170577695962945,2.3416861747855428e-05,1.9315885026612543e-06,8.557573154853188e-06,1.1863906138544602e-05
4669,2025-12-11,0.0008454539957523373,0.0009412847981016774,0.0008750742495217609,0.0008400834927568244,0.0009543343282748342,9.583080234934016e-05,2.962025376942361e-05,5.370502995512847e-06,0.00010888033252249695
4674,2025-12-16,0.001155835498204636,0.0010946594748887516,0.0011584644288204762,0.001147010586611933,0.0011327318405091524,6.11760233158844e-05,2.6289306158402102e-06,8.824911592702957e-06,2.310365769548359e-05
4679,2025-12-21,0.0007009367280323305,0.0008707586903076972,0.0007598950946007016,0.0008056987213312775,0.0008044881124697191,0.00016982196227536672,5.895836656837116e-05,0.00010476199329894698,0.00010355138443738862
4684,2025-12-26,0.00033837035728052776,0.00039724684326606497,0.0003257301807815001,0.0003211829251105711,0.0004170515446205377,5.887648598553721e-05,1.2640176499027647e-05,1.7187432169956665e-05,7.868118734000992e-05
4689,2026-01-05,3.132829967638006e-05,9.100443189762453e-05,2.0616341198795665e-05,4.8213370035081156e-05,2.5212789299827176e-05,5.967613222124447e-05,1.0711958477584396e-05,1.6885070358701096e-05,6.115510376552884e-06
4694,2026-01-13,-0.00022630345449209356,-0.00017350864036160769,-0.00023756528314994595,-0.00024043496753981718,-0.00023787945419135892,5.279481413048587e-05,1.1261828657852392e-05,1.4131513047723626e-05,1.1575999699265369e-05
4699,2026-01-18,-0.0004670314131824508,-0.00045101512022817337,-0.0005176410278533491,-0.0004921499172155252,-0.0005248747797775823,1.6016292954277418e-05,5.060961467089829e-05,2.511850403307442e-05,5.78433665951315e-05
4704,2026-01-23,-0.00018069104067489308,-0.0002423122585283778,-0.0001816842328603877,-0.00019566999854151644,-0.00019229197337293505,6.162121785348472e-05,9.93192185494619e-07,1.4978957866623358e-05,1.1600932698041966e-05
4709,2026-01-28,-3.5701259660186855e-05,-0.00010165735942905261,-8.463173110936941e-05,-5.127252524402638e-05,-6.481239359074387e-05,6.595609976886575e-05,4.893047144918256e-05,1.5571265583839525e-05,2.911113393055702e-05
4714,2026-02-02,0.00011045999066101438,6.843090849287924e-05,7.001455115011277e-05,7.8379039085673e-05,6.236595268699203e-05,4.2029082168135143e-05,4.0445439510901614e-05,3.208095157534138e-05,4.8094037974022355e-05
4719,2026-02-07,0.00020622606602277145,0.00020113252088358225,0.00023182634362517123,0.00021956463885161983,0.0002220111959659254,5.093545139189202e-06,2.560027760239978e-05,1.3338572828848374e-05,1.578512994315396e-05
4724,2026-02-12,0.0003884596753003476,0.0003314528241619414,0.00037321256096335074,0.0003887835396366368,0.0003789564522442345,5.700685113840619e-05,1.5247114336996873e-05,3.238643362891633e-07,9.503223056113138e-06
4729,2026-02-19,0.0006353407123443611,0.0006003282455852677,0.0006510602733819093,0.0006624534607343014,0.0006586369087836784,3.5012466759093354e-05,1.571956103754821e-05,2.711274838994033e-05,2.3296196439317302e-05
4734,2026-02-24,0.0009423712710049428,0.0008623901751936645,0.0009353872504207168,0.0009220070746667731,0.000943280224459415,7.998109581127831e-05,6.984020584225974e-06,2.0364196338169718e-05,9.089534544722607e-07
4739,2026-03-01,0.00106453065726356,0.0010660505610171566,0.0010777808836717178,0.001071105914989279,0.0010792591739531207,1.519903753596655e-06,1.325022640815787e-05,6.575257725719005e-06,1.4728516689560805e-05
4744,2026-03-06,0.0009634335087052136,0.0009716016317676364,0.0009415263696437273,0.0009407664272712501,0.0009316107522190085,8.168123062422795e-06,2.1907139061486222e-05,2.26670814339635e-05,3.182275648620509e-05
4749,2026-03-13,0.0009573989151722091,0.000941395261653756,0.0009432270517654377,0.000930449674040795,0.0009430508918810466,1.6003653518453114e-05,1.4171863406771423e-05,2.694924113141406e-05,1.4348023291162475e-05
4754,2026-03-18,0.0011368966765103621,0.0010933493563462617,0.0011438751196313208,0.0011327158732199107,0.001122613687874486,4.3547320164100426e-05,6.978443120958695e-06,4.180803290451413e-06,1.4282988635876083e-05
4759,2026-03-25,0.001131843228134833,0.0011271114485860451,0.0011046518314657742,0.001127116638562357,0.0010960715286427445,4.731779548787941e-06,2.7191396669058905e-05,4.726589572476162e-06,3.577169949208858e-05
4764,2026-03-30,0.0009226360898410134,0.0009815611139813041,0.0009306063804893987,0.0009508280610236191,0.0009596382632062032,5.8925024140290714e-05,7.97029064838529e-06,2.819197118260569e-05,3.700217336518978e-05
4769,2026-04-04,0.00054044090671675,0.0006309898037349387,0.0005459260891224084,0.000560619379650307,0.0005587040459005226,9.054889701818876e-05,5.485182405658455e-06,2.0178472933557044e-05,1.8263139183772605e-05
4774,2026-04-09,0.0002654701791965321,0.0003060720655138046,0.0002441640865450136,0.00026330815955423557,0.00024292661855825057,4.060188631727253e-05,2.1306092651518472e-05,2.1620196422965214e-06,2.2543560638281518e-05
4779,2026-04-14,0.00021409595733528592,0.0001942646558157259,0.00018056106412244375,0.00019848811959960445,0.00018176816004952077,1.983130151956002e-05,3.353489321284217e-05,1.5607837735681472e-05,3.232779728576515e-05
4784,2026-04-19,0.0004299442853373872,0.0003641136925622803,0.0004178736823176046,0.00041318159228241836,0.00041768243058719416,6.58305927751069e-05,1.2070603019782584e-05,1.6762693054968856e-05,1.2261854750193052e-05
4789,2026-04-24,0.0006227694354258201,0.0005998395049243513,0.000633349042586951,0.000620581389947251,0.0006278018954945185,2.292993050146883e-05,1.057960716113087e-05,2.1880454785691257e-06,5.032460068698391e-06
4794,2026-04-29,0.0005313607767667054,0.0005443411335998661,0.0005184405866062263,0.000523629042707911,0.0005078211587664235,1.2980356833160785e-05,1.2920190160479084e-05,7.731734058794406e-06,2.3539618000281855e-05
4799,2026-05-04,0.000477767645242084,0.0004804427981046828,0.00047891891030740053,0.0004825478993886248,0.0004835662568033277,2.675152862598824e-06,1.151265065316555e-06,4.780254146540799e-06,5.798611561243705e-06
4804,2026-05-11,0.000545994390938364,0.0004837371875982539,0.0005218318491152264,0.0005132409335437736,0.000509964099067838,6.225720334011007e-05,2.416254182313756e-05,3.275345739459036e-05,3.603029187052595e-05
4809,2026-05-16,0.0005959746049932849,0.000603787901240098,0.0006053604067533556,0.0005912815253348518,0.0006088494146317587,7.813296246813066e-06,9.385801760070653e-06,4.69307965843312e-06,1.2874809638473736e-05
4814,2026-05-21,0.00044571062546035575,0.0004896215232591159,0.0004526477386354327,0.00046744166823312554,0.0004707234936183922,4.391089779876017e-05,6.93711317507694e-06,2.1731042772769795e-05,2.5012868158036437e-05
4819,2026-05-26,0.00021814725892495314,0.0002648830478275273,0.00020239437350417437,0.00019271658551464068,0.0002068036805772574,4.673578890257416e-05,1.5752885420778777e-05,2.5430673410312463e-05,1.1343578347695747e-05
4824,2026-05-31,5.836353438200892e-05,8.980548278141279e-05,5.015224350285395e-05,5.5714321418454104e-05,5.164737919654993e-05,3.1441948399403864e-05,8.21129087915497e-06,2.649212963554819e-06,6.716155185458994e-06
4829,2026-06-05,-7.847901575998509e-05,-6.14575021876758e-05,-0.00010802293764371403,-0.00012004143901801504,-0.00010184811008706771,1.70215135723093e-05,2.954392188372894e-05,4.156242325802995e-05,2.3369094327082616e-05
4834,2026-06-10,-7.873738411934723e-05,-8.812488594035409e-05,-7.875795851496249e-05,-7.451896767361788e-05,-7.679023975244172e-05,9.387501821006864e-06,2.0574395615262538e-08,4.2184164457293474e-06,1.9471443669055017e-06
4839,2026-06-15,4.2529838402852825e-05,3.2987046910568374e-05,7.041327199805864e-05,7.637654498792538e-05,7.181559077649275e-05,9.542791492284451e-06,2.788343359520582e-05,3.384670658507256e-05,2.9285752373639927e-05
4844,2026-06-22,-0.0003788841588513217,-0.0002591334005761869,-0.0004231416948835084,-0.0004542259008062025,-0.00047428985333727907,0.0001197507582751348,4.42575360321867e-05,7.534174195488082e-05,9.540569448595736e-05
4849,2026-06-27,-0.0011586622623679767,-0.001024483869715492,-0.0011631984624587946,-0.0011267417011624943,-0.0011589179888950988,0.00013417839265248473,4.536200090817909e-06,3.192056120548243e-05,2.5572652712210417e-07
4854,2026-07-02,-0.0015318908670095398,-0.001475296499878101,-0.0015640536437698809,-0.0015718720647137044,-0.0015897389374302266,5.659436713143884e-05,3.216277676034102e-05,3.9981197704164586e-05,5.7848070420686744e-05
4859,2026-07-07,-0.0018613846230610203,-0.0017914826054191988,-0.001861437566079633,-0.0018764521407404727,-0.0018255261144467672,6.990201764182154e-05,5.294301861258517e-08,1.5067517679452375e-05,3.5858508614253085e-05
